W_S,W_S_max,AR,t_c,sweep25,M,lambda,WTO,S,b,c_root,S_vert,S_orizz,CL_crociera,CD,Cd0,Cdi,Cdw,E_crociera,T,OEW,W_wing,W_fus,W_tail,W_LG,W_propuls,W_fuelsys,W_hydr,W_elec,W_antiice,W_instr,W_avionics,W_engine_sys,W_furn,W_services,W_crew,W_fuel,V_fuel,W_block_fuel,W_payload,ADP,flight_cost,maintenance_cost,DOC,PREE
600,641.2318448,9,0.1,25,0.76,0.23,82680.96033,137.7628138,35.2117214,7.200005823,24.79730648,34.44070344,0.555637768,0.034711137,0.021853796,0.012347253,0.000510088,16.00747833,25322.74517,43329.56042,8303.287862,8211.217291,1454.803243,3332.367095,5310.619341,701.9509401,1455.847297,1372.570512,80.7140363,584.4889012,1280.944853,120.6555704,7766.408559,1268.988281,485.3438359,19206.39991,24007.99989,16474.80994,20145,83.34487098,4866.135225,989.4571145,0.041545711,0.45854095
600,641.2318448,9,0.1,25,0.76,0.27,82779.10582,137.9263844,35.23261925,6.976827191,24.82674919,34.48159609,0.555637768,0.034656624,0.021853668,0.012292867,0.000510088,16.03265728,25294.4616,43426.1089,8397.848116,8211.217291,1456.530581,3336.685962,5304.403929,702.3492062,1457.55164,1372.570512,80.8098709,584.44789,1280.944853,120.6555704,7766.408559,1268.988281,485.3438359,19207.99692,24009.99615,16476.5011,20145,83.45513654,4866.925165,990.4627266,0.041558451,0.458493885
600,641.2318448,9,0.1,25,0.76,0.31,82896.67074,138.1212993,35.2575055,6.767942727,24.86183388,34.53032484,0.555637768,0.034626365,0.021854407,0.01226187,0.000510088,16.04666757,25296.62896,43528.32055,8489.75613,8211.217291,1458.588923,3341.832438,5304.880199,702.8234687,1459.582579,1372.570512,80.92406989,584.4510327,1280.944853,120.6555704,7766.408559,1268.988281,485.3438359,19223.35019,24029.18774,16489.8502,20145,83.583985,4869.223379,991.6909057,0.041583471,0.458122718
600,664.8523177,9,0.1,20,0.76,0.23,82203.59359,136.9747229,35.11086023,7.182100884,24.65545012,34.24368072,0.555637768,0.035108798,0.021877946,0.011908587,0.001322265,15.82616912,24719.75939,42808.63005,7979.167345,8211.217291,1446.480843,3311.558598,5178.205109,676.2338826,1447.635693,1372.570512,80.2523007,583.6145718,1280.944853,120.6555704,7766.408559,1268.988281,485.3438359,19249.96354,24062.45442,16509.8768,20145,82.46140393,4867.459904,980.1478796,0.04148906,0.457567012
600,664.8523177,9,0.1,20,0.76,0.27,82289.77724,137.1145784,35.1287803,6.958973824,24.68062411,34.27864459,0.555637768,0.035057988,0.021879589,0.011856134,0.001322265,15.84910615,24689.29467,42894.76422,8064.991674,8211.217291,1447.957746,3315.251296,5171.520389,676.5638327,1449.092933,1372.570512,80.33424082,583.5703979,1280.944853,120.6555704,7766.408559,1268.988281,485.3438359,19250.01302,24062.51628,16510.20862,20145,82.55787028,4868.016853,981.0184155,0.041499188,0.457557816
600,664.8523177,9,0.1,20,0.76,0.31,82396.63241,137.2918032,35.15147548,6.750268807,24.71252457,34.32295079,0.555637768,0.035030062,0.02188156,0.011826237,0.001322265,15.86174094,24689.15174,42987.52984,8148.869642,8211.217291,1449.829275,3319.930681,5171.489026,676.981693,1450.939548,1372.570512,80.43807528,583.5701907,1280.944853,120.6555704,7766.408559,1268.988281,485.3438359,19264.10257,24080.12822,16522.45257,20145,82.67426256,4870.120232,982.1243033,0.041521958,0.457218743
600,612.7312104,9,0.1,30,0.8,0.23,83876.01841,139.7701649,35.46732982,7.245390735,25.15862969,34.94254123,0.501463086,0.033017956,0.021713073,0.010524703,0.000780181,15.18758721,26301.66842,44177.6866,8816.609215,8211.217291,1476.001278,3385.368623,5526.004921,738.2204613,1476.763126,1372.570512,81.89012591,585.9083399,1280.944853,120.6555704,7766.408559,1254.427085,485.3438359,19553.3318,24441.66476,16729.67979,20145,87.01212073,5072.750525,1019.079205,0.041154745,0.451555266
600,612.7312104,9,0.1,30,0.76,0.23,83844.49768,139.7174299,35.46063831,7.244202451,25.14913739,34.92935749,0.555637768,0.034803162,0.021780879,0.012921574,0.000100708,15.96515212,26291.74486,44184.3418,8813.566388,8211.217291,1475.444386,3383.976222,5523.818957,738.0873114,1476.213648,1372.570512,81.85922895,585.8939507,1280.944853,120.6555704,7766.408559,1268.988281,485.3438359,19515.15588,24393.94485,16739.10637,20145,84.77772059,4904.654346,1004.535605,0.041925989,0.451300974
600,612.7312104,9,0.1,30,0.8,0.27,84031.40954,140.0277255,35.49999338,7.022807316,25.2049906,35.00693138,0.501463086,0.03297809,0.021719565,0.010478345,0.000780181,15.20594672,26350.13566,44313.66302,8928.833266,8211.217291,1478.72117,3392.169189,5536.682034,738.8703968,1479.446809,1372.570512,82.04102844,585.9786174,1280.944853,120.6555704,7766.408559,1254.427085,485.3438359,19572.74652,24465.93315,16746.54609,20145,87.20547705,5075.838855,1020.969053,0.041188376,0.451100481
600,612.7312104,9,0.1,30,0.76,0.27,83993.4273,139.9640551,35.49192156,7.021419011,25.19352992,34.99101378,0.555637768,0.034753215,0.021787848,0.012864659,0.000100708,15.9880967,26338.15429,44318.53092,8925.011744,8211.217291,1478.048798,3390.488051,5534.042477,738.7097872,1478.783387,1372.570512,82.00372449,585.9612444,1280.944853,120.6555704,7766.408559,1268.988281,485.3438359,19529.89638,24412.37047,16752.04676,20145,84.962511,4907.087729,1006.362548,0.041956216,0.450952359
600,612.7312104,9,0.1,30,0.8,0.31,84190.86196,140.2924443,35.53353344,6.813963129,25.25263998,35.07311108,0.501463086,0.03295553,0.021723426,0.010451923,0.000780181,15.21635644,26399.94991,44445.5372,9036.294305,8211.217291,1481.516654,3399.158758,5547.657174,739.5377453,1482.205077,1372.570512,82.19612488,586.050848,1280.944853,120.6555704,7766.408559,1254.427085,485.3438359,19600.32476,24500.40595,16770.28726,20145,87.39393508,5079.814255,1022.815123,0.041227705,0.450461872
600,612.7312104,9,0.1,30,0.76,0.31,84149.10011,140.222468,35.52467047,6.812485242,25.24004424,35.05561699,0.555637768,0.034724877,0.021791949,0.012832219,0.000100708,16.00114452,26386.7819,44449.3508,9032.000196,8211.217291,1480.77769,3397.31112,5544.755854,739.3614009,1481.47595,1372.570512,82.15512634,586.0317544,1280.944853,120.6555704,7766.408559,1268.988281,485.3438359,19554.74931,24443.43663,16773.53389,20145,85.14381566,4910.581447,1008.159666,0.041993755,0.450374682
600,612.7312104,9,0.12,30,0.76,0.23,83055.06158,138.3857806,35.29124574,7.214124481,24.90944051,34.59644516,0.555637768,0.035629888,0.022107373,0.012921574,0.000600941,15.59471012,26068.45993,43259.19596,8005.16527,8211.217291,1461.381899,3348.815722,5474.647463,734.7163081,1462.338373,1372.570512,81.07902718,585.5701876,1280.944853,120.6555704,7766.408559,1268.988281,485.3438359,19650.86562,24563.58203,16850.76239,20145,83.53694256,4913.273011,992.4009199,0.041901042,0.448310577
600,612.7312104,9,0.12,30,0.76,0.27,83166.49536,138.590731,35.31736936,6.991400111,24.94633157,34.64768274,0.555637768,0.035577263,0.022111663,0.012864659,0.000600941,15.61777725,26079.72491,43361.98953,8095.11111,8211.217291,1463.546216,3354.227171,5477.127592,735.2362286,1464.473877,1372.570512,81.1991058,585.5865218,1280.944853,120.6555704,7766.408559,1268.988281,485.3438359,19659.50583,24574.38228,16858.46318,20145,83.66998609,4914.859235,993.6831328,0.041921394,0.448105792
600,612.7312104,9,0.12,30,0.76,0.31,83290.04619,138.79585,35.34349516,6.782277719,24.983253,34.69896251,0.555637768,0.035551972,0.022118812,0.012832219,0.000600941,15.62888732,26118.32381,43466.29457,8180.502254,8211.217291,1465.712315,3359.643076,5485.626132,735.7561755,1466.611139,1372.570512,81.31928328,585.6424902,1280.944853,120.6555704,7766.408559,1268.988281,485.3438359,19678.75162,24598.43952,16875.10773,20145,83.81505666,4917.585693,995.1204722,0.041950937,0.447663809
600,641.2318448,9,0.12,25,0.76,0.27,82575.15962,137.5899181,35.18961868,6.969433708,24.76618526,34.39747953,0.555637768,0.036084481,0.022134051,0.012292867,0.001657563,15.39824746,25257.2293,42717.07221,7714.006264,8211.217291,1452.97743,3327.802012,5296.222663,701.5297006,1454.045791,1372.570512,80.61273825,584.3939032,1280.944853,120.6555704,7766.408559,1268.988281,485.3438359,19713.08741,24641.35926,16901.6496,20145,82.55144676,4916.476145,981.8155024,0.041848665,0.44696081
600,641.2318448,9,0.12,25,0.76,0.23,82503.55312,137.4702411,35.17431123,7.193364505,24.7446434,34.36756028,0.555637768,0.036136016,0.0221312,0.012347253,0.001657563,15.3762875,25293.02263,42642.79307,7637.842734,8211.217291,1451.713616,3324.6421,5304.087722,701.2379602,1452.798803,1372.570512,80.54262054,584.4458035,1280.944853,120.6555704,7766.408559,1268.988281,485.3438359,19715.76005,24644.70007,16903.66777,20145,82.47167732,4916.28785,981.1109423,0.04184233,0.446907446
600,641.2318448,9,0.12,25,0.76,0.31,82667.19651,137.7425545,35.2091322,6.75987922,24.79365981,34.43563862,0.555637768,0.036057009,0.022137576,0.01226187,0.001657563,15.40997929,25252.13667,42797.82862,7788.195263,8211.217291,1454.589301,3331.832175,5295.103687,701.9015951,1455.636203,1372.570512,80.70216657,584.3865188,1280.944853,120.6555704,7766.408559,1268.988281,485.3438359,19724.36789,24655.45986,16911.46758,20145,82.65096311,4918.20027,982.7539247,0.041867556,0.446701326
600,641.2318448,9,0.1,25,0.8,0.23,83648.37915,139.3935106,35.41950869,7.2368988,25.09083191,34.84837766,0.501463086,0.03408122,0.021703661,0.010056914,0.002320644,14.71376558,25603.98976,43563.02378,8406.893631,8211.217291,1472.023732,3375.423542,5372.447236,705.9104378,1472.838533,1372.570512,81.66944744,584.8967058,1280.944853,120.6555704,7766.408559,1254.427085,485.3438359,19940.35537,24925.44422,17054.23691,20145,85.95735759,5112.030974,1008.081386,0.041345815,0.442961772
600,612.7312104,9,0.1,30,0.82,0.23,84431.5732,140.6939684,35.5843465,7.266172108,25.32491432,35.17349211,0.477299784,0.032822081,0.021636862,0.009534861,0.001650358,14.5420328,26475.50791,44317.63829,8878.314501,8211.217291,1485.75683,3409.760506,5564.306698,740.5487229,1486.388804,1372.570512,82.43137436,586.1604071,1280.944853,120.6555704,7766.408559,1247.477016,485.3438359,19968.93491,24961.16864,17059.69713,20145,88.36651727,5202.914708,1028.958401,0.041120903,0.442819995
600,641.2318448,9,0.1,25,0.8,0.27,83754.81214,139.5704048,35.44197572,7.012828897,25.12267286,34.89260119,0.501463086,0.034036403,0.021703141,0.010012617,0.002320644,14.73313987,25577.37072,43662.65244,8503.50098,8211.217291,1473.89177,3380.094208,5366.593573,706.3384978,1474.681702,1372.570512,81.77308817,584.8581082,1280.944853,120.6555704,7766.408559,1254.427085,485.3438359,19947.15971,24933.94963,17060.32016,20145,86.07614762,5113.461002,1009.15232,0.041362711,0.442803824
600,641.2318448,9,0.1,25,0.8,0.31,83879.17544,139.7770594,35.46820456,6.803069977,25.15987069,34.94426485,0.501463086,0.034011594,0.02170358,0.00998737,0.002320644,14.74388669,25581.20167,43767.73952,8597.327262,8211.217291,1476.074085,3385.550663,5367.435995,706.8382156,1476.834963,1372.570512,81.89416532,584.8636631,1280.944853,120.6555704,7766.408559,1254.427085,485.3438359,19966.43592,24958.0449,17076.95328,20145,86.21340864,5116.326241,1010.445004,0.041390801,0.442372528
600,612.7312104,9,0.1,30,0.82,0.27,84592.17528,140.9602857,35.61800909,7.04310673,25.37285143,35.24007143,0.477299784,0.03278632,0.021643099,0.009492863,0.001650358,14.55789423,26525.62296,44455.78565,8991.899664,8211.217291,1488.569195,3416.792287,5575.351413,741.2184395,1489.163728,1372.570512,82.58740736,586.233074,1280.944853,120.6555704,7766.408559,1247.477016,485.3438359,19991.38963,24989.23704,17079.10795,20145,88.56591723,5206.434519,1030.897268,0.041156922,0.44231672
600,612.7312104,9,0.1,30,0.82,0.31,84755.63453,141.2316275,35.65227409,6.833764336,25.42169295,35.30790688,0.477299784,0.032766102,0.021646818,0.009468926,0.001650358,14.56687709,26576.68352,44589.45574,9100.543468,8211.217291,1491.434619,3423.956737,5586.605857,741.9001123,1491.991005,1372.570512,82.74638416,586.3071118,1280.944853,120.6555704,7766.408559,1247.477016,485.3438359,20021.17879,25026.47349,17104.68668,20145,88.75969337,5210.763972,1032.785301,0.041197948,0.441655269
600,641.2318448,8,0.1,25,0.76,0.27,83441.86846,139.0289185,33.35013265,7.485202933,25.02520533,34.75722962,0.555637768,0.036346629,0.022037672,0.013798869,0.000510088,15.2871886,27120.92558,43275.71113,7825.58782,8211.217291,1468.173565,3365.79695,5706.648632,666.4307305,1469.039622,1372.570512,81.45583606,587.0962628,1280.944853,120.6555704,7766.408559,1268.988281,485.3438359,20021.15733,25026.44667,17164.38535,20145,83.94624311,4953.039689,997.8486885,0.042221841,0.440119168
600,641.2318448,8,0.1,25,0.76,0.23,83368.14496,138.9058509,33.33536871,7.725682355,25.00305316,34.72646273,0.555637768,0.036399156,0.022035814,0.013853254,0.000510088,15.26512778,27155.37239,43199.32908,7747.738292,8211.217291,1466.873947,3362.547508,5714.251689,666.1486834,1467.757306,1372.570512,81.38373184,587.1462106,1280.944853,120.6555704,7766.408559,1268.988281,485.3438359,20023.81588,25029.76985,17166.38855,20145,83.86306726,4952.838447,997.1073631,0.042215154,0.440067809
600,664.8523177,8,0.1,20,0.76,0.27,82960.85556,138.2309015,33.25428111,7.466706459,24.88156227,34.55772537,0.555637768,0.036681775,0.02205088,0.013308631,0.001322265,15.14751582,26447.14998,42780.31503,7542.461859,8211.217291,1459.746344,3344.726339,5558.057558,642.009054,1460.724592,1372.570512,80.98828483,586.1192881,1280.944853,120.6555704,7766.408559,1268.988281,485.3438359,20035.54053,25044.42566,17174.97753,20145,83.07672418,4951.428425,988.5844219,0.042144679,0.439847737
600,664.8523177,8,0.1,20,0.76,0.23,82897.37713,138.129582,33.24209163,7.707097665,24.86332476,34.53239551,0.555637768,0.036730698,0.022047349,0.013361084,0.001322265,15.12734024,26483.57992,42712.68166,7471.832861,8211.217291,1458.67639,3342.051131,5566.085577,641.7840761,1459.668882,1372.570512,80.92892264,586.1721116,1280.944853,120.6555704,7766.408559,1268.988281,485.3438359,20039.69547,25049.61933,17178.28999,20145,83.0052405,4951.444028,987.9580484,0.042140345,0.439762922
600,641.2318448,8,0.1,25,0.76,0.31,83548.31965,139.2275305,33.37394558,7.261102356,25.06095549,34.80688262,0.555637768,0.036316055,0.022038095,0.013767871,0.000510088,15.30005876,27125.58052,43365.45419,7904.314525,8211.217291,1470.270948,3371.041047,5707.676029,666.8856363,1471.109083,1372.570512,81.57220111,587.1030124,1280.944853,120.6555704,7766.408559,1268.988281,485.3438359,20037.86546,25047.33183,17178.87084,20145,84.06042506,4955.405388,998.942262,0.042246385,0.439748053
600,664.8523177,8,0.1,20,0.76,0.31,83046.8826,138.3735443,33.27143451,7.241924269,24.90723797,34.59338607,0.555637768,0.036655558,0.022054559,0.013278735,0.001322265,15.15834956,26442.40133,42855.78319,7611.824225,8211.217291,1461.252681,3348.492638,5557.011155,642.3256438,1462.210875,1372.570512,81.07185801,586.1124026,1280.944853,120.6555704,7766.408559,1268.988281,485.3438359,20046.09942,25057.62427,17184.16297,20145,83.16974744,4953.040197,989.4624437,0.042162344,0.439612625
600,664.8523177,9,0.12,20,0.76,0.27,82712.46618,137.8186348,35.21885451,6.974460453,24.80735426,34.45465869,0.555637768,0.037204324,0.022107792,0.011856134,0.003240399,14.93476301,24832.66099,42391.17121,7494.296695,8211.217291,1455.392724,3333.840975,5202.982967,678.2221956,1456.428931,1372.570512,80.74674134,583.7782791,1280.944853,120.6555704,7766.408559,1268.988281,485.3438359,20176.29497,25220.36871,17293.01522,20145,81.97991914,4964.037567,975.7427554,0.042143029,0.436845449
600,664.8523177,9,0.12,20,0.76,0.23,82648.42301,137.7141012,35.20549546,7.198900531,24.78853821,34.4285253,0.555637768,0.037252508,0.022103521,0.011908587,0.003240399,14.9154461,24869.44504,42323.98727,7424.245484,8211.217291,1454.288828,3331.080903,5211.057253,677.976253,1455.339731,1372.570512,80.68549603,583.831616,1280.944853,120.6555704,7766.408559,1268.988281,485.3438359,20179.43573,25224.29467,17295.47206,20145,81.90945853,4963.947223,975.1286057,0.042138031,0.436783395
600,664.8523177,9,0.12,20,0.76,0.31,82797.63527,137.9598806,35.23689722,6.764507409,24.83277851,34.48997016,0.555637768,0.037178982,0.022112346,0.011826237,0.003240399,14.94494299,24826.24288,42465.38253,7562.818402,8211.217291,1456.884309,3337.570387,5201.574235,678.5543588,1457.900658,1372.570512,80.82949606,583.7689729,1280.944853,120.6555704,7766.408559,1268.988281,485.3438359,20187.25274,25234.06593,17302.53123,20145,82.07081387,4965.684192,976.5969571,0.042160772,0.436605194
600,612.7312104,8,0.1,30,0.8,0.23,84392.98549,140.6324787,33.54191154,7.766842746,25.31384616,35.15811967,0.501463086,0.034509988,0.0219214,0.011808407,0.000780181,14.53095511,28174.95727,43952.30944,8171.946936,8211.217291,1485.107486,3408.136945,5939.568192,699.8613081,1485.748104,1372.570512,82.39534806,588.6246087,1280.944853,120.6555704,7766.408559,1254.427085,485.3438359,20295.67605,25369.59506,17355.62109,20145,87.40492513,5154.492167,1025.679423,0.041751559,0.435269643
600,612.7312104,8,0.1,30,0.8,0.27,84484.60455,140.7847504,33.5600656,7.525722154,25.34125507,35.1961876,0.501463086,0.034463503,0.021921274,0.011762049,0.000780181,14.55055452,28143.21964,44041.25854,8260.297147,8211.217291,1486.715506,3412.157492,5932.546583,700.2234267,1487.334717,1372.570512,82.48456274,588.5785892,1280.944853,120.6555704,7766.408559,1254.427085,485.3438359,20298.34601,25372.93252,17358.17111,20145,87.50835584,5155.384533,1026.60195,0.04176382,0.435205699
600,612.7312104,8,0.1,30,0.8,0.31,84596.51152,140.9706638,33.58221717,7.300074692,25.37471948,35.24266594,0.501463086,0.034437987,0.021922179,0.011735627,0.000780181,14.56133556,28144.60629,44136.97402,8346.343842,8211.217291,1488.678789,3417.066307,5932.853352,700.6652717,1489.271863,1372.570512,82.59348777,588.5805998,1280.944853,120.6555704,7766.408559,1254.427085,485.3438359,20314.5375,25393.17187,17372.16441,20145,87.6323757,5157.838646,1027.76836,0.041788279,0.434855141
600,612.7312104,9,0.12,30,0.8,0.23,84045.23681,140.0543639,35.50336991,7.251790927,25.2097855,35.01359097,0.501463086,0.034976202,0.021955336,0.010524703,0.002496164,14.33726508,26363.93214,43495.67346,8106.439164,8211.217291,1479.002476,3392.872541,5539.721562,738.937581,1479.72437,1372.570512,82.05663561,585.9986223,1280.944853,120.6555704,7766.408559,1254.427085,485.3438359,20404.56334,25505.70418,17446.11261,20145,86.15419474,5163.666851,1011.132409,0.041715265,0.433011936
600,612.7312104,9,0.12,30,0.8,0.27,84164.88793,140.2515054,35.52834853,7.027684332,25.24527098,35.06287636,0.501463086,0.034938359,0.02196385,0.010478345,0.002496164,14.35279461,26392.24611,43602.21565,8196.748298,8211.217291,1481.084331,3398.077818,5545.959778,739.4345826,1481.778509,1372.570512,82.17213914,586.0396775,1280.944853,120.6555704,7766.408559,1254.427085,485.3438359,20417.67229,25522.09036,17457.52932,20145,86.30248158,5165.847461,1012.567662,0.041739693,0.432728759
600,612.7312104,8,0.1,30,0.76,0.27,84604.70854,140.9839282,33.58379707,7.530303294,25.37710708,35.24598206,0.555637768,0.036520838,0.021979419,0.014440711,0.000100708,15.21426653,28187.31943,44088.43344,8273.062349,8211.217291,1488.818864,3417.416539,5942.303327,700.6967846,1489.410074,1372.570512,82.60125929,588.6425338,1280.944853,120.6555704,7766.408559,1268.988281,485.3438359,20371.2751,25464.09387,17463.61969,20145,85.3497112,4995.706078,1012.757523,0.04263034,0.432577847
600,612.7312104,8,0.1,30,0.76,0.23,84518.45466,140.8401589,33.56666905,7.77177726,25.3512286,35.21003973,0.555637768,0.036577546,0.021979211,0.014497626,0.000100708,15.19067936,28220.78956,44000.66646,8185.079355,8211.217291,1487.300631,3413.620486,5949.708994,700.3551434,1487.912052,1372.570512,82.5170261,588.6910655,1280.944853,120.6555704,7766.408559,1268.988281,485.3438359,20372.78819,25465.98524,17464.61867,20145,85.25204019,4995.312398,1011.875437,0.042621289,0.432553103
600,612.7312104,8,0.1,30,0.76,0.31,84713.50909,141.1646563,33.60531581,7.304397644,25.40963814,35.29116408,0.555637768,0.036489499,0.02198052,0.014408271,0.000100708,15.22733324,28187.66138,44183.46809,8358.9222,8211.217291,1490.72739,3422.188444,5942.378984,701.1259936,1491.293191,1372.570512,82.70714631,588.6430297,1280.944853,120.6555704,7766.408559,1268.988281,485.3438359,20385.04101,25481.30126,17475.5863,20145,85.46855937,4997.782011,1013.889869,0.042653103,0.432281634
600,612.7312104,9,0.12,30,0.8,0.31,84295.54096,140.4684111,35.55581105,6.81767795,25.28431399,35.11710277,0.501463086,0.034918756,0.021970669,0.010451923,0.002496164,14.36085211,26433.06298,43709.39303,8283.921605,8211.217291,1483.374899,3403.804942,5554.95341,739.980989,1484.038583,1372.570512,82.29922227,586.098862,1280.944853,120.6555704,7766.408559,1254.427085,485.3438359,20441.14794,25551.43492,17477.70989,20145,86.45615556,5169.195694,1014.073157,0.041772483,0.432229111
600,612.7312104,8,0.12,30,0.76,0.27,84006.78976,139.9909225,33.46531607,7.507433092,25.19836605,34.99773062,0.555637768,0.037328018,0.022286367,0.014440711,0.000600941,14.8852737,28018.15608,43319.35579,7591.64814,8211.217291,1478.332522,3391.19745,5904.882552,698.3333658,1479.063335,1372.570512,82.01946585,588.397247,1280.944853,120.6555704,7766.408559,1268.988281,485.3438359,20542.43398,25678.04247,17606.21923,20145,84.3264381,5009.176301,1002.769216,0.042655045,0.429074232
600,612.7312104,8,0.12,30,0.76,0.23,83946.72766,139.8906252,33.45332571,7.74918772,25.18031253,34.97265629,0.555637768,0.037381907,0.02228334,0.014497626,0.000600941,14.86381561,28059.49468,43253.07246,7521.212066,8211.217291,1477.273362,3388.549225,5914.025765,698.0941658,1478.018275,1372.570512,81.96070253,588.457188,1280.944853,120.6555704,7766.408559,1268.988281,485.3438359,20548.6552,25685.819,17611.28675,20145,84.25822839,5009.42345,1002.178987,0.04265261,0.428950769
600,612.7312104,8,0.12,30,0.76,0.31,84090.21963,140.1295532,33.48188205,7.281298345,25.22331957,35.03238829,0.555637768,0.037299309,0.022290097,0.014408271,0.000600941,14.8967309,28010.73402,43393.61985,7660.583958,8211.217291,1479.796491,3394.85782,5903.241042,698.6638403,1480.507813,1372.570512,82.10068836,588.386485,1280.944853,120.6555704,7766.408559,1268.988281,485.3438359,20551.59978,25689.49973,17614.21642,20145,84.41683166,5010.628551,1003.619392,0.04267138,0.428879425
600,641.2318448,8,0.12,25,0.76,0.27,83426.68049,139.005695,33.34734712,7.484665375,25.0210251,34.75142375,0.555637768,0.037755217,0.022298785,0.013798869,0.001657563,14.71684748,27138.41788,42719.05396,7266.21172,8211.217291,1467.928321,3365.183764,5710.509434,666.3775168,1468.797643,1372.570512,81.44222964,587.1216266,1280.944853,120.6555704,7766.408559,1268.988281,485.3438359,20562.62653,25703.28316,17621.46522,20145,83.25403348,5007.535387,991.2856485,0.042561926,0.428703
600,641.2318448,8,0.12,25,0.76,0.23,83374.75334,138.9186652,33.3369063,7.725988726,25.00535973,34.72966629,0.555637768,0.037805186,0.022294368,0.013853254,0.001657563,14.69739562,27179.54955,42660.76691,7203.160292,8211.217291,1467.009268,3362.885853,5719.588404,666.1780573,1467.890825,1372.570512,81.39123961,587.1812675,1280.944853,120.6555704,7766.408559,1268.988281,485.3438359,20568.98642,25711.23303,17626.67995,20145,83.1958196,5007.847901,990.7914378,0.042560637,0.428576171
600,641.2318448,8,0.12,25,0.76,0.31,83500.44887,139.1279832,33.36201231,7.258869703,25.04303697,34.78199579,0.555637768,0.037729227,0.022303793,0.013767871,0.001657563,14.72698516,27129.08246,42784.7539,7327.839425,8211.217291,1469.219708,3368.412627,5708.448954,666.6576731,1470.071838,1372.570512,81.5138772,587.1080902,1280.944853,120.6555704,7766.408559,1268.988281,485.3438359,20570.69497,25713.36871,17628.50255,20145,83.33315682,5008.816452,992.0251706,0.042576262,0.428531861
600,612.7312104,8,0.1,30,0.82,0.23,84878.15487,141.4395583,33.63802115,7.785999629,25.4591205,35.35988959,0.477299784,0.034196796,0.021848604,0.010697834,0.001650358,13.95744157,28327.65241,44069.13132,8221.076021,8211.217291,1493.630411,3429.446898,5973.357449,701.7783056,1494.157564,1372.570512,82.86820902,588.8460167,1280.944853,120.6555704,7766.408559,1247.477016,485.3438359,20664.02355,25830.02944,17645.09678,20145,88.71494049,5280.941569,1035.161405,0.041676692,0.428128851
600,612.7312104,8,0.1,30,0.82,0.27,84973.66179,141.5982576,33.65688727,7.544413591,25.48768636,35.39956439,0.477299784,0.034154482,0.021848288,0.010655836,0.001650358,13.97473345,28296.79843,44159.53535,8310.364287,8211.217291,1495.306307,3433.637159,5966.528959,702.1545799,1495.81115,1372.570512,82.96118952,588.8012784,1280.944853,120.6555704,7766.408559,1247.477016,485.3438359,20669.12644,25836.40805,17649.69614,20145,88.82236973,5282.142069,1036.114969,0.041690906,0.428017284
600,641.2318448,8,0.1,25,0.8,0.23,84196.08354,140.3056524,33.50291359,7.759070252,25.25501743,35.07641309,0.501463086,0.035500795,0.021896589,0.011283562,0.002320644,14.1254042,27412.16928,43393.77182,7829.322618,8211.217291,1481.656134,3399.507501,5770.950818,669.3491036,1482.3427,1372.570512,82.20386336,587.5185661,1280.944853,120.6555704,7766.408559,1254.427085,485.3438359,20657.31173,25821.63966,17659.3739,20145,86.40726661,5191.358476,1015.143052,0.041929437,0.42778272
600,641.2318448,8,0.1,25,0.8,0.27,84277.12326,140.4403408,33.51899054,7.517793338,25.27926135,35.1100852,0.501463086,0.035457978,0.021898068,0.011239265,0.002320644,14.14246151,27379.32322,43472.61374,7908.698267,8211.217291,1483.078471,3403.063782,5763.696726,669.6561663,1483.746101,1372.570512,82.28277615,587.4709393,1280.944853,120.6555704,7766.408559,1254.427085,485.3438359,20659.50952,25824.3869,17661.479,20145,86.49732919,5192.129331,1015.937405,0.041940011,0.427731732
600,612.7312104,8,0.1,30,0.82,0.31,85088.5809,141.7891477,33.67956624,7.318294648,25.52204659,35.44728694,0.477299784,0.034131339,0.021849082,0.010631899,0.001650358,13.98420897,28298.93812,44256.49547,8397.238556,8211.217291,1497.322146,3438.677385,5967.002492,702.6068872,1497.800152,1372.570512,83.07303042,588.8043809,1280.944853,120.6555704,7766.408559,1247.477016,485.3438359,20687.08543,25858.85679,17665.16453,20145,88.95016807,5284.861938,1037.310174,0.041716739,0.427642493
600,641.2318448,8,0.1,25,0.8,0.31,84377.57884,140.607255,33.53890338,7.291968798,25.3093059,35.15181375,0.501463086,0.035435059,0.021900397,0.011214017,0.002320644,14.15160856,27377.92332,43557.96646,7985.975064,8211.217291,1484.841119,3407.470945,5763.38757,670.0364839,1485.485283,1372.570512,82.38056973,587.4689095,1280.944853,120.6555704,7766.408559,1254.427085,485.3438359,20674.61238,25843.26548,17674.5118,20145,86.60722059,5194.39197,1016.96645,0.041962249,0.427416332
600,664.8523177,9,0.1,20,0.8,0.23,84397.09337,140.6392775,35.5774296,7.264943639,25.31506994,35.15981937,0.501463086,0.035997766,0.021623909,0.009699618,0.004674239,13.93039467,25346.58358,43341.05333,8203.214984,8211.217291,1485.179283,3408.316459,5315.858249,684.822103,1485.818945,1372.570512,82.39933141,584.5234669,1280.944853,120.6555704,7766.408559,1254.427085,485.3438359,20911.04004,26138.80005,17873.69408,20145,85.57298798,5219.495903,1004.067303,0.042044701,0.422653256
600,664.8523177,9,0.1,20,0.8,0.27,84496.53973,140.8044948,35.59832093,7.039720064,25.34480906,35.20112369,0.501463086,0.035955834,0.0216247,0.009656895,0.004674239,13.94664039,25318.97985,43433.19453,8293.152757,8211.217291,1486.924011,3412.678818,5309.791875,685.2065367,1487.540446,1372.570512,82.49613078,584.4834415,1280.944853,120.6555704,7766.408559,1254.427085,485.3438359,20918.34521,26147.93151,17880.15125,20145,85.68177768,5220.927208,1005.042652,0.042060959,0.422500621
600,664.8523177,9,0.1,20,0.8,0.31,84613.61073,140.9989919,35.62289892,6.828865489,25.37981855,35.24974798,0.501463086,0.035933088,0.021626305,0.009632544,0.004674239,13.95546875,25320.96064,43530.74805,8380.485917,8211.217291,1488.97794,3417.814277,5310.227173,685.6587982,1489.567031,1372.570512,82.61008498,584.4863136,1280.944853,120.6555704,7766.408559,1254.427085,485.3438359,20937.86268,26172.32835,17896.95008,20145,85.80872711,5223.765415,1006.235563,0.042088193,0.422104044
600,641.2318448,9,0.1,25,0.82,0.23,85065.34913,141.7501293,35.71765898,7.28985075,25.51502327,35.43753231,0.477299784,0.034888078,0.021554438,0.009111068,0.004222572,13.68088488,26015.92712,43915.89343,8556.755291,8211.217291,1496.910103,3437.647148,5463.082594,711.5900674,1497.393594,1372.570512,83.05016982,585.494015,1280.944853,120.6555704,7766.408559,1247.477016,485.3438359,21004.4557,26255.56962,17931.92643,20145,87.66916194,5318.968968,1021.714671,0.041838887,0.421280727
600,641.2318448,9,0.1,25,0.82,0.27,85178.69108,141.938406,35.74137174,7.064328647,25.54891308,35.4846015,0.477299784,0.03484718,0.021553671,0.009070937,0.004222572,13.69694145,25990.32112,44018.78097,8655.833313,8211.217291,1498.898343,3442.61837,5457.446072,712.041695,1499.355366,1372.570512,83.16047953,585.4568863,1280.944853,120.6555704,7766.408559,1247.477016,485.3438359,21014.91011,26268.63763,17941.07268,20145,87.79452453,5320.866678,1022.840317,0.041858837,0.421065961
600,641.2318448,9,0.1,25,0.82,0.31,85309.40014,142.1554975,35.76869409,6.853181037,25.58798954,35.53887437,0.477299784,0.034824579,0.021553943,0.009048064,0.004222572,13.7058308,25995.4186,44127.00494,8751.993705,8211.217291,1501.190873,3448.350411,5458.568129,712.5620538,1501.617375,1372.570512,83.28767154,585.4642776,1280.944853,120.6555704,7766.408559,1247.477016,485.3438359,21037.3952,26296.744,17960.39162,20145,87.93829329,5324.181101,1024.187533,0.041889597,0.420613044
600,664.8523177,8,0.12,20,0.76,0.27,83562.14519,139.2312358,33.37438967,7.489884197,25.06162244,34.80780894,0.555637768,0.03881048,0.022261449,0.013308631,0.003240399,14.31669423,26652.82898,42415.22403,7081.536216,8211.217291,1470.310077,3371.13888,5603.391891,644.2256728,1471.147691,1372.570512,81.574372,586.4175227,1280.944853,120.6555704,7766.408559,1268.988281,485.3438359,21001.92116,26252.40145,17993.09401,20145,82.69378721,5052.72595,985.2435313,0.042839686,0.419848582
600,664.8523177,8,0.12,20,0.76,0.23,83516.58337,139.1576928,33.36557421,7.731701063,25.04838471,34.78942321,0.555637768,0.038857207,0.022255724,0.013361084,0.003240399,14.29947763,26694.71783,42362.84695,7023.553326,8211.217291,1469.533448,3369.197073,5612.62745,644.0629943,1470.381402,1372.570512,81.53128384,586.4782615,1280.944853,120.6555704,7766.408559,1268.988281,485.3438359,21008.73643,26260.92053,17998.73055,20145,82.64333208,5053.12702,984.8248552,0.042839561,0.419717101
600,664.8523177,8,0.12,20,0.76,0.31,83630.36203,139.3443186,33.38794016,7.263720714,25.08197734,34.83607964,0.555637768,0.038786487,0.022267353,0.013278735,0.003240399,14.32555038,26642.50413,42475.59279,7138.52164,8211.217291,1471.504254,3374.124688,5601.115631,644.4757268,1472.32597,1372.570512,81.64062623,586.4025517,1280.944853,120.6555704,7766.408559,1268.988281,485.3438359,21009.76923,26262.21154,17999.92201,20145,82.76591296,5053.948641,985.9146981,0.042853123,0.419689318
600,612.7312104,9,0.15,30,0.76,0.27,84148.58678,140.2262713,35.52515224,7.027134571,25.24072883,35.05656783,0.555637768,0.038750745,0.022503746,0.012864659,0.003382341,14.33876335,26387.49761,42874.64861,7456.947249,8211.217291,1480.817854,3397.411542,5544.913544,739.3709867,1481.515579,1372.570512,82.15735468,586.0327922,1280.944853,120.6555704,7766.408559,1268.988281,485.3438359,21128.93817,26411.17272,18102.17558,20145,83.17309653,5069.250454,989.413188,0.042986512,0.417318624
600,612.7312104,9,0.15,30,0.76,0.23,84089.64835,140.1289778,35.51282585,7.253470205,25.223216,35.03224444,0.555637768,0.038801651,0.022497736,0.012921574,0.003382341,14.31995173,26423.7004,42810.71772,7389.899418,8211.217291,1479.790414,3394.842627,5552.890372,739.1257285,1480.501818,1372.570512,82.10035124,586.0852863,1280.944853,120.6555704,7766.408559,1268.988281,485.3438359,21133.93062,26417.41328,18106.22979,20145,83.10622711,5069.383486,988.8304939,0.042983321,0.417225181
600,612.7312104,8,0.12,30,0.8,0.27,84849.55763,141.3930697,33.63249259,7.539703967,25.45075255,35.34826743,0.501463086,0.036405751,0.022147537,0.011762049,0.002496164,13.77428232,28282.08403,43513.03067,7670.51654,8211.217291,1493.139481,3428.219422,5963.272591,701.6680398,1493.673171,1372.570512,82.84097174,588.7799425,1280.944853,120.6555704,7766.408559,1254.427085,485.3438359,21191.52696,26489.4087,18111.38859,20145,86.87566704,5252.133612,1020.873544,0.042378731,0.41710634
600,612.7312104,8,0.12,30,0.8,0.23,84782.1204,141.2810018,33.61916141,7.782240251,25.43058032,35.32025044,0.501463086,0.036449491,0.02214492,0.011808407,0.002496164,13.75775276,28321.7569,43444.37355,7598.66358,8211.217291,1491.956021,3425.260404,5972.05264,701.4021493,1492.505466,1372.570512,82.7753121,588.8374682,1280.944853,120.6555704,7766.408559,1254.427085,485.3438359,21192.74685,26490.93356,18112.21642,20145,86.8010676,5251.816641,1020.233363,0.042372264,0.417087276
600,612.7312104,9,0.15,30,0.76,0.31,84247.04574,140.389239,35.5457895,6.816006832,25.27006303,35.09730976,0.555637768,0.038728837,0.022514276,0.012832219,0.003382341,14.34687463,26418.16455,42957.02739,7524.29645,8211.217291,1482.538826,3401.714503,5551.670572,739.781598,1483.21364,1372.570512,82.25283606,586.0772593,1280.944853,120.6555704,7766.408559,1268.988281,485.3438359,21145.01835,26431.27293,18116.04864,20145,83.28787948,5071.493645,990.5505364,0.043010497,0.416999046
600,664.8523177,7,0.1,20,0.76,0.27,84252.16894,140.3998392,31.3496232,8.11395106,25.27197106,35.0999598,0.555637768,0.038742549,0.022244157,0.015176127,0.001322265,14.34179696,28890.23788,42955.24902,7105.116599,8211.217291,1482.650766,3401.994387,6097.950296,606.8103573,1483.32409,1372.570512,82.25904662,589.6617656,1280.944853,120.6555704,7766.408559,1268.988281,485.3438359,21151.91992,26439.8999,18121.9012,20145,84.18159669,5072.223089,1002.629615,0.043101374,0.416864374
600,612.7312104,8,0.12,30,0.8,0.31,84938.51514,141.5408541,33.65006438,7.312772799,25.47735373,35.38521351,0.501463086,0.036382792,0.022151001,0.011735627,0.002496164,13.78297425,28276.07425,43589.31442,7740.699358,8211.217291,1494.700114,3432.121489,5961.942627,702.0185022,1495.213027,1372.570512,82.9275573,588.7712283,1280.944853,120.6555704,7766.408559,1254.427085,485.3438359,21204.20072,26505.25091,18122.33343,20145,86.97216853,5254.061254,1021.770486,0.042397813,0.416854432
600,664.8523177,7,0.1,20,0.76,0.23,84206.36866,140.3227324,31.34101349,8.375864745,25.25809183,35.08068309,0.555637768,0.038790371,0.022239525,0.015228581,0.001322265,14.32411601,28930.93953,42902.57679,7047.223356,8211.217291,1481.836502,3399.958477,6106.970389,606.6510376,1482.520667,1372.570512,82.21387038,589.720783,1280.944853,120.6555704,7766.408559,1268.988281,485.3438359,21158.79187,26448.48984,18127.57874,20145,84.12993014,5072.628378,1002.194487,0.043101162,0.416733813
600,664.8523177,7,0.1,20,0.76,0.31,84319.69142,140.5120352,31.36214671,7.868866432,25.29216633,35.12800879,0.555637768,0.038717822,0.022249326,0.015146231,0.001322265,14.35095611,28881.02706,43015.44309,7161.751444,8211.217291,1483.835578,3404.956783,6095.909156,607.0420972,1484.493129,1372.570512,82.32478125,589.6484099,1280.944853,120.6555704,7766.408559,1268.988281,485.3438359,21159.24834,26449.06042,18128.2888,20145,84.25387132,5073.38794,1003.305369,0.043114433,0.41671749
600,641.2318448,7,0.1,25,0.76,0.27,84759.9506,141.2440002,31.44372753,8.134644264,25.42392003,35.31100004,0.555637768,0.038489387,0.022244142,0.015735157,0.000510088,14.43612927,29669.18172,43434.45686,7346.779348,8211.217291,1491.565277,3424.283422,6270.717533,629.96478,1492.119923,1372.570512,82.75363319,590.7912342,1280.944853,120.6555704,7766.408559,1268.988281,485.3438359,21180.49374,26475.61717,18147.51185,20145,85.05775688,5078.302245,1012.067768,0.04321147,0.416276075
600,641.2318448,7,0.1,25,0.76,0.23,84708.54106,141.158148,31.43416988,8.397015345,25.40846664,35.28953701,0.555637768,0.038540123,0.022240493,0.015789542,0.000510088,14.41712485,29710.25968,43376.16092,7283.605974,8211.217291,1490.658661,3422.0166,6279.836746,629.7817196,1491.225377,1372.570512,82.70333316,590.8507972,1280.944853,120.6555704,7766.408559,1268.988281,485.3438359,21187.38014,26484.22518,18153.18326,20145,84.99915196,5078.674005,1011.56587,0.043210547,0.416146022
600,641.2318448,7,0.1,25,0.76,0.31,84834.3782,141.3676418,31.45748707,7.889191732,25.44617553,35.34191046,0.555637768,0.038462647,0.0222484,0.015704159,0.000510088,14.44616557,29661.34611,43500.77597,7408.654653,8211.217291,1492.870958,3427.548029,6268.978139,630.2283158,1493.408222,1372.570512,82.82607376,590.7798725,1280.944853,120.6555704,7766.408559,1268.988281,485.3438359,21188.60223,26485.75279,18154.58033,20145,85.1380748,5079.588633,1012.822625,0.043225953,0.416113998
600,612.7312104,7,0.1,30,0.8,0.27,85625.06612,142.6825472,31.6034465,8.16977337,25.6828585,35.67063681,0.501463086,0.03635488,0.022162173,0.013412526,0.000780181,13.79355637,30763.65131,44116.44353,7698.306004,8211.217291,1506.756626,3462.266538,6513.965967,661.1441658,1507.109032,1372.570512,83.59646543,592.3782151,1280.944853,120.6555704,7766.408559,1254.427085,485.3438359,21363.62259,26704.52824,18258.72356,20145,88.5297127,5275.443866,1040.087309,0.042666011,0.413740587
600,612.7312104,7,0.1,30,0.8,0.23,85558.90888,142.5726136,31.59126929,8.432691323,25.66307045,35.6431534,0.501463086,0.036399355,0.022160291,0.013458883,0.000780181,13.77670247,30802.65737,44048.25445,7626.897582,8211.217291,1505.595704,3459.363869,6522.645763,660.9006253,1505.963565,1372.570512,83.53205626,592.4347739,1280.944853,120.6555704,7766.408559,1254.427085,485.3438359,21365.65443,26707.06803,18260.23878,20145,88.45524824,5275.222342,1039.443015,0.042660162,0.413706255
600,612.7312104,7,0.1,30,0.8,0.31,85713.37474,142.8292066,31.61968448,7.923777529,25.7092572,35.70730166,0.501463086,0.036331256,0.022164972,0.013386104,0.000780181,13.80252533,30759.33055,44192.63508,7768.105319,8211.217291,1508.305379,3466.138907,6513.004538,661.468914,1508.637166,1372.570512,83.6823919,592.37195,1280.944853,120.6555704,7766.408559,1254.427085,485.3438359,21375.73966,26719.67458,18269.19762,20145,88.62651326,5277.306757,1040.991374,0.042684704,0.413503382
600,612.7312104,9,0.12,30,0.82,0.23,85478.91715,142.4373325,35.80413374,7.305212017,25.63871986,35.60933314,0.477299784,0.035769656,0.021807559,0.009534861,0.004427236,13.34370631,26803.57066,43851.37572,8251.251116,8211.217291,1504.167109,3455.791933,5636.631352,744.9208837,1504.553989,1372.570512,83.45279627,586.6360981,1280.944853,120.6555704,7766.408559,1247.477016,485.3438359,21482.54143,26853.17679,18335.43989,20145,87.876363,5373.422142,1024.9225,0.042219363,0.412009477
600,612.7312104,9,0.12,30,0.82,0.27,85611.93817,142.6575377,35.83179928,7.079886576,25.67835679,35.66438443,0.477299784,0.035737014,0.021816915,0.009492863,0.004427236,13.35589428,26845.00843,43965.10125,8344.663807,8211.217291,1506.49252,3461.606191,5645.770706,745.471142,1506.848442,1372.570512,83.58181258,586.6961829,1280.944853,120.6555704,7766.408559,1247.477016,485.3438359,21501.83692,26877.29615,18352.07273,20145,88.04076933,5376.405392,1026.521132,0.042249596,0.411636065
600,612.7312104,9,0.12,30,0.82,0.31,85749.32485,142.8854927,35.86041598,6.868480265,25.71938869,35.72137317,0.477299784,0.035719696,0.021823534,0.009468926,0.004427236,13.36236981,26887.90454,44075.52609,8434.060465,8211.217291,1508.899771,3467.625074,5655.232645,746.0402989,1509.223645,1372.570512,83.71536941,586.7583823,1280.944853,120.6555704,7766.408559,1247.477016,485.3438359,21528.79876,26910.99845,18375.17237,20145,88.20130535,5380.246407,1028.086062,0.042285267,0.411118592
600,641.2318448,9,0.12,25,0.8,0.23,84971.17077,141.5948784,35.69809386,7.286375425,25.48707811,35.3987196,0.501463086,0.037303215,0.021854694,0.010056914,0.005391606,13.44289203,26013.67437,43234.87867,7877.109586,8211.217291,1495.270622,3433.547936,5462.586693,711.2174247,1495.77594,1372.570512,82.95920969,585.4907485,1280.944853,120.6555704,7766.408559,1254.427085,485.3438359,21591.2921,26989.11513,18448.7593,20145,85.68632868,5295.206092,1006.191931,0.042570532,0.409478755
600,641.2318448,9,0.12,25,0.8,0.27,85053.83714,141.7321958,35.71539951,7.059860441,25.51179524,35.43304894,0.501463086,0.037261293,0.02185707,0.010012617,0.005391606,13.45801614,25979.27083,43313.83844,7956.77554,8211.217291,1496.720721,3437.173636,5455.013735,711.5470332,1497.206734,1372.570512,83.03966275,585.4408634,1280.944853,120.6555704,7766.408559,1254.427085,485.3438359,21594.9987,26993.74837,18452.11765,20145,85.77570893,5296.142735,1006.97545,0.042582153,0.409404229
600,641.2318448,9,0.12,25,0.8,0.31,85156.04832,141.9019831,35.73678564,6.847859054,25.54235696,35.47549577,0.501463086,0.037239187,0.021860211,0.00998737,0.005391606,13.46600515,25976.20623,43399.27973,8034.343896,8211.217291,1498.51371,3441.656667,5454.339182,711.9543502,1498.975853,1372.570512,83.13913967,585.4364197,1280.944853,120.6555704,7766.408559,1254.427085,485.3438359,21611.76859,27014.71074,18466.54817,20145,85.88514986,5298.589711,1007.996677,0.042605583,0.409084304
600,664.8523177,8,0.1,20,0.8,0.23,84963.84941,141.5829719,33.65507057,7.789398231,25.48493493,35.39574296,0.501463086,0.037361522,0.021804596,0.010882687,0.004674239,13.42191272,27112.76704,43205.43726,7666.19747,8211.217291,1495.144887,3433.233558,5704.84798,649.4043079,1495.651878,1372.570512,82.95223376,587.0844329,1280.944853,120.6555704,7766.408559,1254.427085,485.3438359,21613.41215,27016.76519,18467.39513,20145,86.05426126,5297.497789,1011.366738,0.042620973,0.409065542
600,664.8523177,8,0.1,20,0.8,0.27,85039.41981,141.7085152,33.66998844,7.54694296,25.50753274,35.42712881,0.501463086,0.037321419,0.021807217,0.010839963,0.004674239,13.43633508,27079.35655,43278.3192,7740.204006,8211.217291,1496.47065,3436.54838,5697.474387,649.6794933,1496.959992,1372.570512,83.02578853,587.0359877,1280.944853,120.6555704,7766.408559,1254.427085,485.3438359,21616.10061,27020.12576,18469.87418,20145,86.13641484,5298.279924,1012.085626,0.042631114,0.409010637
600,664.8523177,8,0.1,20,0.8,0.31,85134.04683,141.8657092,33.68865794,7.319996381,25.53582766,35.46642731,0.501463086,0.037300402,0.021810551,0.010815612,0.004674239,13.44390571,27076.47999,43357.61385,7812.252752,8211.217291,1498.130651,3440.698899,5696.839567,650.023876,1498.597893,1372.570512,83.11788712,587.0318167,1280.944853,120.6555704,7766.408559,1254.427085,485.3438359,21631.43297,27039.29122,18483.07064,20145,86.23800884,5300.524894,1013.034337,0.042652689,0.408718613
600,612.7312104,7,0.1,30,0.76,0.27,85949.73666,143.2217147,31.6631016,8.182896493,25.77990865,35.80542868,0.555637768,0.038773989,0.022206217,0.016467063,0.000100708,14.33016793,30881.88275,44215.28073,7729.042344,8211.217291,1512.450343,3476.502625,6540.277559,662.3371898,1512.72695,1372.570512,83.91235897,592.5496507,1280.944853,120.6555704,7766.408559,1268.988281,485.3438359,21589.45594,26986.81992,18496.61906,20145,86.45766951,5127.048347,1027.073914,0.043663795,0.408419235
600,612.7312104,7,0.1,30,0.82,0.23,85965.04861,143.2481776,31.66602664,8.449671368,25.78467197,35.81204441,0.477299784,0.035937084,0.022093641,0.012193084,0.001650358,13.28153909,30940.52535,44143.58464,7664.391609,8211.217291,1512.729797,3477.201347,6553.330531,662.3956843,1513.002683,1372.570512,83.92786335,592.6346824,1280.944853,120.6555704,7766.408559,1247.477016,485.3438359,21676.46396,27095.57996,18500.11454,20145,89.73201608,5397.663017,1048.626016,0.042535723,0.408342066
600,612.7312104,7,0.1,30,0.82,0.27,86034.65842,143.3638226,31.67880613,8.186351441,25.80548806,35.84095564,0.477299784,0.035896781,0.022095336,0.012151086,0.001650358,13.29645075,30902.41369,44212.94454,7736.487046,8211.217291,1513.951031,3480.254818,6544.847256,662.6512434,1514.207659,1372.570512,83.99561872,592.5794205,1280.944853,120.6555704,7766.408559,1247.477016,485.3438359,21676.71388,27095.89235,18500.52839,20145,89.80969043,5398.158828,1049.295555,0.042543412,0.408332932
600,612.7312104,7,0.1,30,0.76,0.23,85888.74372,143.1198776,31.65184266,8.446449521,25.76157798,35.77996941,0.555637768,0.038828688,0.022204002,0.016523978,0.000100708,14.30998044,30922.82011,44148.07414,7657.77476,8211.217291,1511.374923,3473.813735,6549.389435,662.1120332,1511.665847,1372.570512,83.85269351,592.6090098,1280.944853,120.6555704,7766.408559,1268.988281,485.3438359,21595.66958,26994.58697,18501.69826,20145,86.387914,5127.294091,1026.463455,0.043661208,0.408307113
600,641.2318448,8,0.1,25,0.82,0.23,85554.41941,142.5647175,33.77155223,7.812619541,25.66164915,35.64117937,0.477299784,0.036197338,0.021752416,0.01022235,0.004222572,13.18604642,27833.31589,43725.71251,7961.046849,8211.217291,1505.512319,3459.155381,5864.010433,674.4791356,1505.881291,1372.570512,83.52742999,588.1292287,1280.944853,120.6555704,7766.408559,1247.477016,485.3438359,21683.7069,27104.63363,18505.02204,20145,88.08665314,5395.679477,1028.525212,0.04239,0.408233775
600,612.7312104,7,0.1,30,0.76,0.31,86035.23011,143.3636643,31.67878865,7.936382782,25.80545957,35.84091607,0.555637768,0.038744549,0.022209217,0.016434624,0.000100708,14.34105647,30876.44998,44291.00524,7798.860941,8211.217291,1513.94936,3480.250639,6539.068388,662.6508938,1514.20601,1372.570512,83.995526,592.5417731,1280.944853,120.6555704,7766.408559,1268.988281,485.3438359,21599.22487,26999.03109,18505.12059,20145,86.55034375,5128.569276,1027.950709,0.043680807,0.408231601
600,641.2318448,8,0.1,25,0.82,0.27,85641.25994,142.7089713,33.78863374,7.569851122,25.68761483,35.67724282,0.477299784,0.036158451,0.021753659,0.010182219,0.004222572,13.20022779,27801.31902,43807.15352,8042.36176,8211.217291,1507.035669,3462.964233,5856.936999,674.8052703,1507.38436,1372.570512,83.61194704,588.0828332,1280.944853,120.6555704,7766.408559,1247.477016,485.3438359,21689.10642,27111.38303,18509.81811,20145,88.18198166,5396.848447,1029.363468,0.042403244,0.408127998
600,612.7312104,7,0.1,30,0.82,0.31,86125.51293,143.5146932,31.69547054,7.93994078,25.83264478,35.87867331,0.477299784,0.035875533,0.022098025,0.012127149,0.001650358,13.30432607,30898.79898,44290.09307,7806.87494,8211.217291,1515.544256,3484.238384,6544.042694,662.9844848,1515.779673,1372.570512,84.08401253,592.5741792,1280.944853,120.6555704,7766.408559,1247.477016,485.3438359,21690.41987,27113.02483,18512.33227,20145,89.90949554,5400.252171,1050.22255,0.042563342,0.40807257
600,641.2318448,8,0.1,25,0.82,0.31,85746.97295,142.8845382,33.8094115,7.342600279,25.71921688,35.72113455,0.477299784,0.03613775,0.021755832,0.010159346,0.004222572,13.20778926,27800.99999,43895.00124,8121.461913,8211.217291,1508.889691,3467.599872,5856.866476,675.2019668,1509.2137,1372.570512,83.71481018,588.0823707,1280.944853,120.6555704,7766.408559,1247.477016,485.3438359,21706.97171,27133.71463,18525.16516,20145,88.29712257,5399.492235,1030.436474,0.042427769,0.407789887
600,641.2318448,7,0.1,25,0.8,0.27,85407.22594,142.3209144,31.56337119,8.160958199,25.61776459,35.5802286,0.501463086,0.037257809,0.022120781,0.012816383,0.002320644,13.45927479,29881.07569,43578.96574,7404.542989,8211.217291,1502.93771,3452.71805,6317.766311,632.2561409,1503.340956,1372.570512,83.38458789,591.0984804,1280.944853,120.6555704,7766.408559,1254.427085,485.3438359,21683.2602,27104.07525,18527.5498,20145,87.52759171,5307.805162,1029.385748,0.042812339,0.407737401
600,641.2318448,7,0.1,25,0.8,0.23,85349.15807,142.2244266,31.55267004,8.423924886,25.6003968,35.55610666,0.501463086,0.037298841,0.022117516,0.012860681,0.002320644,13.44446834,29920.43844,43518.67232,7340.283419,8211.217291,1501.918779,3450.170404,6326.508789,632.0512129,1502.335591,1372.570512,83.32805655,591.1555564,1280.944853,120.6555704,7766.408559,1254.427085,485.3438359,21685.48575,27106.85719,18529.26341,20145,87.46341136,5307.658546,1028.84015,0.042807662,0.407699693
600,641.2318448,7,0.1,25,0.8,0.31,85486.43935,142.4524882,31.57795778,7.914879139,25.64144787,35.61312205,0.501463086,0.037236572,0.022124792,0.012791136,0.002320644,13.4669508,29874.58934,43646.90912,7467.345464,8211.217291,1504.327155,3456.192099,6316.325764,632.5354704,1504.711905,1372.570512,83.46167582,591.0890752,1280.944853,120.6555704,7766.408559,1254.427085,485.3438359,21694.53023,27118.16278,18537.27731,20145,87.61316567,5309.51828,1030.180541,0.042829281,0.407523439
600,641.2318448,7,0.12,25,0.76,0.27,84923.18796,141.5165089,31.47404586,8.141311853,25.47297161,35.37912723,0.555637768,0.039879833,0.022487113,0.015735157,0.001657563,13.9328007,29746.28581,43015.99368,6897.43397,8211.217291,1494.443025,3431.478685,6287.835139,630.5454589,1494.95936,1372.570512,82.9132937,590.9030351,1280.944853,120.6555704,7766.408559,1268.988281,485.3438359,21762.19428,27202.74286,18639.89578,20145,84.56016089,5138.074604,1007.430168,0.043602654,0.405279895
600,641.2318448,7,0.12,25,0.76,0.31,84980.5376,141.6117775,31.4846382,7.894980589,25.49011995,35.40294437,0.555637768,0.039855132,0.02249341,0.015704159,0.001657563,13.94143583,29732.71762,43068.26969,6947.96924,8211.217291,1495.44908,3433.994137,6284.822703,630.7483255,1495.952022,1372.570512,82.96911073,590.8833612,1280.944853,120.6555704,7766.408559,1268.988281,485.3438359,21767.26792,27209.08489,18644.34096,20145,84.62099001,5138.946025,1007.991438,0.043612819,0.405183268
600,641.2318448,7,0.12,25,0.76,0.23,84889.71825,141.4604202,31.46780802,8.404653499,25.46287564,35.36510505,0.555637768,0.039928376,0.022481271,0.015789542,0.001657563,13.91586204,29793.44499,42972.35326,6846.064126,8211.217291,1493.850716,3429.99773,6298.306208,630.4259892,1494.374937,1372.570512,82.88043181,590.9714159,1280.944853,120.6555704,7766.408559,1268.988281,485.3438359,21772.36499,27215.45624,18648.41246,20145,84.52194774,5138.892915,1007.130754,0.043606335,0.405094804
600,612.7312104,7,0.12,30,0.76,0.27,85542.0702,142.5452378,31.58823617,8.166427559,25.6581428,35.63630945,0.555637768,0.039560922,0.022492918,0.016467063,0.000600941,14.04511683,30763.03312,43601.24238,7175.572992,8211.217291,1505.30661,3458.641043,6513.828412,660.8399633,1505.67832,1372.570512,83.51601701,592.3773187,1280.944853,120.6555704,7766.408559,1268.988281,485.3438359,21795.82781,27244.78476,18670.01023,20145,85.64863808,5145.342079,1019.195846,0.043737695,0.404626184
600,612.7312104,7,0.12,30,0.76,0.31,85606.96913,142.6530168,31.60017591,7.919617172,25.67754303,35.66325421,0.555637768,0.039533705,0.02249814,0.016434624,0.000600941,14.05478619,30750.73652,43660.31064,7231.986317,8211.217291,1506.444778,3461.486822,6511.092275,661.0787555,1506.801336,1372.570512,83.57916382,592.3594886,1280.944853,120.6555704,7766.408559,1268.988281,485.3438359,21801.65849,27252.07311,18675.11829,20145,85.71831108,5146.336561,1019.843989,0.04374935,0.40451551
600,612.7312104,7,0.12,30,0.76,0.23,85502.39766,142.4787782,31.58087154,8.430329791,25.64618007,35.61969454,0.555637768,0.039613231,0.022488312,0.016523978,0.000600941,14.02657015,30810.98028,43551.29424,7118.22116,8211.217291,1504.604783,3456.886255,6524.497907,660.6926703,1504.985836,1372.570512,83.47707889,592.4468421,1280.944853,120.6555704,7766.408559,1268.988281,485.3438359,21806.10342,27257.62927,18678.59475,20145,85.60273815,5146.132214,1018.822366,0.043740651,0.404440222
600,612.7312104,8,0.15,30,0.76,0.27,85226.92624,142.0215327,33.70715446,7.554118628,25.56387589,35.50538317,0.555637768,0.040483279,0.022660227,0.014440711,0.003382341,13.72511768,28449.68643,43007.85938,7081.807256,8211.217291,1499.776178,3444.813231,6000.370257,703.157086,1500.221514,1372.570512,83.20918274,589.022966,1280.944853,120.6555704,7766.408559,1268.988281,485.3438359,22074.06686,27592.58358,18904.63972,20145,84.09060875,5171.494272,1001.139722,0.043795137,0.399604283
600,612.7312104,8,0.15,30,0.76,0.31,85289.85491,142.1260577,33.71955607,7.32577987,25.58269038,35.53151442,0.555637768,0.040457549,0.022666937,0.014408271,0.003382341,13.73384649,28435.33672,43064.5191,7136.403211,8211.217291,1500.879983,3447.573089,5997.193494,703.4044081,1501.310624,1372.570512,83.27042303,589.0021589,1280.944853,120.6555704,7766.408559,1268.988281,485.3438359,22080.33581,27600.41977,18910.10705,20145,84.15657338,5172.520446,1001.74772,0.043806732,0.399488749
600,612.7312104,8,0.15,30,0.76,0.23,85188.84067,141.9576303,33.69957037,7.798269108,25.55237346,35.48940759,0.555637768,0.040533954,0.022653987,0.014497626,0.003382341,13.70795875,28498.80036,42960.08372,7026.303287,8211.217291,1499.101356,3443.125966,6011.243962,703.0058366,1499.555676,1372.570512,83.17174291,589.0941812,1280.944853,120.6555704,7766.408559,1268.988281,485.3438359,22083.75696,27604.6962,18912.74531,20145,84.04820343,5172.236339,1000.805503,0.043798031,0.399433021
600,641.2318448,9,0.15,25,0.76,0.27,84846.03677,141.3876774,35.67196514,7.052388369,25.44978194,35.34691936,0.555637768,0.040779255,0.022426087,0.012292867,0.0060603,13.62550071,25965.96249,42611.4216,7260.099737,8211.217291,1493.082538,3428.077046,5452.084455,710.7197559,1493.616985,1372.570512,82.83781246,585.4215663,1280.944853,120.6555704,7766.408559,1268.988281,485.3438359,22089.61517,27612.01896,18916.84205,20145,82.68551116,5170.690445,984.1501381,0.043668892,0.399346518
600,641.2318448,9,0.15,25,0.76,0.23,84795.81595,141.3036194,35.66135969,7.279850585,25.4346515,35.32590485,0.555637768,0.040827413,0.02241986,0.012347253,0.0060603,13.60942884,26009.47261,42555.8033,7199.07526,8211.217291,1492.194868,3425.857595,5461.661761,710.5177513,1492.741133,1372.570512,82.78856359,585.484656,1280.944853,120.6555704,7766.408559,1268.988281,485.3438359,22095.01265,27618.76582,18921.28649,20145,82.6318476,5170.922842,983.7043666,0.043667378,0.399252715
600,641.2318448,9,0.15,25,0.76,0.31,84918.85954,141.5086586,35.68722359,6.839593008,25.47155855,35.37716465,0.555637768,0.040754868,0.022432698,0.01226187,0.0060603,13.63365395,25954.55076,42674.74221,7319.854602,8211.217291,1494.360123,3431.271406,5449.572707,711.0103826,1494.877563,1372.570512,82.90869426,585.4050193,1280.944853,120.6555704,7766.408559,1268.988281,485.3438359,22099.11734,27623.89667,18925.06982,20145,82.76082747,5172.1056,984.8495211,0.043683895,0.3991729
600,612.7312104,8,0.12,30,0.82,0.23,86153.60483,143.561732,33.88943576,7.836123936,25.84111177,35.89043301,0.477299784,0.037125654,0.022000585,0.010697834,0.004427236,12.8563332,28758.58075,43777.22756,7726.31288,8211.217291,1516.040995,3485.48039,6068.778748,706.7918709,1516.2698,1372.570512,84.11157216,589.4708628,1280.944853,120.6555704,7766.408559,1247.477016,485.3438359,22231.37727,27789.22159,18968.04948,20145,88.48595369,5458.95005,1033.696706,0.042841613,0.398268415
600,612.7312104,8,0.12,30,0.82,0.27,86226.53041,143.682855,33.90372899,7.592077239,25.86291389,35.92071374,0.477299784,0.03708603,0.022002958,0.010655836,0.004427236,12.87006951,28719.65548,43848.26809,7799.937765,8211.217291,1517.320078,3488.678501,6060.155642,707.076849,1517.531854,1372.570512,84.18253703,589.4144211,1280.944853,120.6555704,7766.408559,1247.477016,485.3438359,22233.26232,27791.5779,18969.8345,20145,88.5653141,5459.642681,1034.376721,0.042850671,0.398230939
600,664.8523177,7,0.12,20,0.76,0.27,85031.65997,141.6972123,31.49413416,8.145729848,25.50549822,35.42430308,0.555637768,0.040854453,0.022437926,0.015176127,0.003240399,13.60042122,29169.34694,42719.67165,6742.35518,8211.217291,1496.351289,3436.249941,6159.821473,609.484197,1496.84222,1372.570512,83.01916626,590.0664737,1280.944853,120.6555704,7766.408559,1268.988281,485.3438359,22166.98833,27708.73541,18982.82385,20145,83.98471433,5179.672612,1001.144361,0.043853196,0.397958442
600,612.7312104,8,0.12,30,0.82,0.31,86320.437,143.8387854,33.92212086,7.363701602,25.89098138,35.95969636,0.477299784,0.037065396,0.022006261,0.010631899,0.004427236,12.87723428,28714.64408,43926.84322,7871.783676,8211.217291,1518.966735,3492.795667,6059.045525,707.4435378,1519.15659,1372.570512,84.27389534,589.4071546,1280.944853,120.6555704,7766.408559,1247.477016,485.3438359,22248.59377,27810.74222,18983.00797,20145,88.66660481,5461.930856,1035.313869,0.042871953,0.397954582
600,664.8523177,7,0.12,20,0.76,0.31,85084.57436,141.7851121,31.5039011,7.899087767,25.52132017,35.44627802,0.555637768,0.040831631,0.022445,0.015146231,0.003240399,13.608023,29155.10214,42767.64461,6789.110221,8211.217291,1497.279528,3438.570828,6156.662842,609.6648921,1497.758102,1372.570512,83.07066595,590.0458188,1280.944853,120.6555704,7766.408559,1268.988281,485.3438359,22171.92975,27714.91219,18987.13964,20145,84.03994133,5180.502112,1001.650854,0.043862675,0.397867985
600,664.8523177,7,0.12,20,0.76,0.23,85002.72101,141.6503395,31.48892466,8.409448639,25.4970611,35.41258486,0.555637768,0.040900006,0.022431026,0.015228581,0.003240399,13.58527342,29216.4799,42680.50176,6695.009856,8211.217291,1495.856302,3435.012319,6170.273412,609.3878167,1496.353823,1372.570512,82.99170385,590.1348165,1280.944853,120.6555704,7766.408559,1268.988281,485.3438359,22177.21926,27721.52407,18991.41775,20145,83.95216968,5180.527128,1000.899894,0.043857524,0.39777836
600,612.7312104,7,0.12,30,0.8,0.27,86201.33857,143.6419715,31.70952224,8.193109145,25.85555487,35.91049288,0.501463086,0.03827756,0.02236887,0.013412526,0.002496164,13.10070679,30985.18493,43748.22572,7232.316305,8211.217291,1516.88834,3487.599021,6563.272183,663.2654734,1517.105864,1372.570512,84.15858377,592.6994388,1280.944853,120.6555704,7766.408559,1254.427085,485.3438359,22308.11285,27885.14106,19056.90894,20145,88.13103729,5379.134921,1036.654633,0.04334333,0.39641135
600,612.7312104,7,0.12,30,0.8,0.23,86154.89392,143.5648139,31.70100467,8.457616835,25.8416665,35.89120348,0.501463086,0.038319709,0.022364662,0.013458883,0.002496164,13.08629677,31031.36965,43696.32168,7173.934673,8211.217291,1516.07354,3485.561763,6573.554341,663.0951503,1516.301912,1372.570512,84.1133778,592.7664067,1280.944853,120.6555704,7766.408559,1254.427085,485.3438359,22313.57225,27891.96531,19061.39547,20145,88.07994841,5379.409352,1036.239796,0.043342381,0.396318046
600,612.7312104,7,0.12,30,0.8,0.31,86271.10125,143.7578124,31.72230582,7.94566455,25.87640623,35.9394531,0.501463086,0.038256097,0.022373829,0.013386104,0.002496164,13.1080567,30974.2943,43808.89329,7289.611653,8211.217291,1518.111644,3490.657667,6560.847737,663.5210991,1518.312882,1372.570512,84.22645394,592.6836474,1280.944853,120.6555704,7766.408559,1254.427085,485.3438359,22317.20795,27896.50994,19064.76909,20145,88.2056541,5380.553682,1037.340927,0.043357551,0.396247915
600,641.2318448,8,0.12,25,0.8,0.27,85783.14151,142.9460207,33.81668472,7.575267756,25.73028372,35.73650517,0.501463086,0.038664351,0.02203348,0.011239265,0.005391606,12.96964959,27870.88136,43278.90722,7479.779265,8211.217291,1509.538958,3469.223245,5872.315559,675.3408274,1509.854324,1372.570512,83.75083222,588.1836986,1280.944853,120.6555704,7766.408559,1254.427085,485.3438359,22359.23429,27949.04286,19098.98246,20145,86.42477916,5381.81429,1016.013164,0.043221983,0.395538088
600,641.2318448,8,0.12,25,0.8,0.23,85721.69633,142.8439705,33.80461158,7.819210767,25.71191468,35.71099262,0.501463086,0.038704682,0.022029514,0.011283562,0.005391606,12.95613492,27910.82095,43216.85733,7413.966468,8211.217291,1508.461288,3466.528729,5881.14635,675.1103259,1508.791,1372.570512,83.69104189,588.241611,1280.944853,120.6555704,7766.408559,1254.427085,485.3438359,22359.83901,27949.79876,19099.33654,20145,86.3588429,5381.476684,1015.455321,0.043215933,0.395530755
600,641.2318448,8,0.12,25,0.8,0.31,85865.56259,143.0829059,33.83287229,7.346992328,25.75492306,35.77072647,0.501463086,0.038643747,0.022038123,0.011214017,0.005391606,12.97656486,27863.34773,43348.39663,7544.069849,8211.217291,1510.984494,3472.83754,5870.649936,675.649876,1511.280615,1372.570512,83.83103209,588.1727749,1280.944853,120.6555704,7766.408559,1254.427085,485.3438359,22372.16596,27965.20745,19110.11188,20145,86.51201529,5383.722454,1016.820515,0.043240328,0.395307733
600,664.8523177,7,0.1,20,0.8,0.27,86172.44842,143.5936586,31.70418916,8.191935815,25.84685854,35.89841464,0.501463086,0.039052071,0.022016781,0.012361051,0.004674239,12.84088337,29516.65019,43406.97876,7271.821023,8211.217291,1516.378146,3486.323373,6236.863088,613.369815,1516.602462,1372.570512,84.13027764,590.5700634,1280.944853,120.6555704,7766.408559,1254.427085,485.3438359,22620.46966,28275.58708,19320.57848,20145,87.17705747,5412.025725,1025.555256,0.043490547,0.391001491
600,664.8523177,7,0.1,20,0.8,0.23,86118.57894,143.5041934,31.69431106,8.456096306,25.83075481,35.87604835,0.501463086,0.039090542,0.022012529,0.012403774,0.004674239,12.82824582,29556.16841,43351.36379,7211.853062,8211.217291,1515.433376,3483.961148,6245.633085,613.1871145,1515.670269,1372.570512,84.07786077,590.6273649,1280.944853,120.6555704,7766.408559,1254.427085,485.3438359,22622.21515,28277.76894,19321.91958,20145,87.11899706,5411.859521,1025.067998,0.043486132,0.390974353
600,664.8523177,7,0.1,20,0.8,0.31,86247.03686,143.7175189,31.71785983,7.944716235,25.8691534,35.92937972,0.501463086,0.039032592,0.022021653,0.0123367,0.004674239,12.84729153,29509.02163,43470.08832,7330.440139,8211.217291,1517.686136,3489.593762,6235.170224,613.6226572,1517.893039,1372.570512,84.20284632,590.559002,1280.944853,120.6555704,7766.408559,1254.427085,485.3438359,22631.94854,28289.93567,19330.45893,20145,87.25602578,5413.727871,1026.286039,0.043506983,0.390801637
600,641.2318448,7,0.1,25,0.82,0.23,86645.90424,144.3806848,31.79095459,8.478051574,25.98852326,36.0951712,0.477299784,0.037853395,0.021979681,0.011651142,0.004222572,12.60916708,30354.61898,43832.08449,7455.537596,8211.217291,1524.689302,3507.103904,6422.990104,636.6136611,1524.802973,1372.570512,84.59138946,591.7851182,1280.944853,120.6555704,7766.408559,1247.477016,485.3438359,22668.81975,28336.02469,19338.11756,20145,89.11992607,5509.596909,1042.041462,0.043230868,0.390646865
600,641.2318448,7,0.1,25,0.82,0.27,86708.86076,144.4852382,31.80246323,8.213558713,26.00734288,36.12130956,0.477299784,0.037816303,0.02198272,0.011611011,0.004222572,12.62153489,30315.99089,43894.43495,7521.295775,8211.217291,1525.793408,3509.86452,6414.402691,636.8339797,1525.89238,1372.570512,84.65264643,591.7291075,1280.944853,120.6555704,7766.408559,1247.477016,485.3438359,22669.4258,28336.78225,19338.78919,20145,89.18825573,5510.082471,1042.621922,0.043237903,0.390633298
600,641.2318448,7,0.1,25,0.82,0.31,86792.42491,144.6239742,31.81772807,7.966019439,26.03231535,36.15599354,0.477299784,0.037797293,0.021986583,0.011588138,0.004222572,12.62788282,30310.44095,43964.34338,7585.49867,8211.217291,1527.258488,3513.527687,6413.168944,637.1262003,1527.337955,1372.570512,84.73393061,591.7210601,1280.944853,120.6555704,7766.408559,1247.477016,485.3438359,22683.08153,28353.85192,19350.51815,20145,89.27801112,5512.118485,1043.451795,0.043256813,0.390396523
600,641.2318448,8,0.15,25,0.76,0.27,85918.76632,143.1723927,33.8434505,7.580436406,25.77103069,35.79309818,0.555637768,0.042429897,0.022570728,0.013798869,0.0060603,13.09543057,27960.77647,42764.73436,6919.667617,8211.217291,1511.929493,3475.200335,5892.19284,675.851829,1512.213034,1372.570512,83.88346165,588.3140466,1280.944853,120.6555704,7766.408559,1268.988281,485.3438359,23009.03196,28761.28994,19698.40319,20145,83.60984662,5270.38733,995.8623998,0.044459345,0.383501897
600,641.2318448,8,0.15,25,0.76,0.31,85976.5676,143.2683792,33.85479337,7.351096251,25.78830826,35.81709481,0.555637768,0.042406625,0.022578453,0.013767871,0.0060603,13.10261707,27945.66204,42816.10502,6969.581546,8211.217291,1512.94313,3477.734748,5888.850505,676.068377,1513.213176,1372.570512,83.93969931,588.2921306,1280.944853,120.6555704,7766.408559,1268.988281,485.3438359,23015.46258,28769.32822,19703.98272,20145,83.66892343,5271.395578,996.4033347,0.044470337,0.383393302
600,641.2318448,8,0.15,25,0.76,0.23,85884.97955,143.1156395,33.83674211,7.825617082,25.76081512,35.77890989,0.555637768,0.042476875,0.02256332,0.013853254,0.0060603,13.08094754,28009.19671,42721.93315,6868.938481,8211.217291,1511.330168,3473.701833,5902.901045,675.7237566,1511.621687,1372.570512,83.85021044,588.3842559,1280.944853,120.6555704,7766.408559,1268.988281,485.3438359,23018.04641,28772.55801,19705.97151,20145,83.57351816,5271.091274,995.5858171,0.044462377,0.383354609
600,612.7312104,7,0.12,30,0.82,0.27,87517.65516,145.8303666,31.95015753,8.246061818,26.24946599,36.45759165,0.477299784,0.038809221,0.022230899,0.012151086,0.004427236,12.29861806,31437.57909,44066.30887,7346.145599,8211.217291,1539.998236,3545.381147,6664.032635,668.0765535,1539.908101,1372.570512,85.44074545,593.3554104,1280.944853,120.6555704,7766.408559,1247.477016,485.3438359,23306.34629,29132.93286,19878.11837,20145,89.80254619,5584.46005,1050.010289,0.043777434,0.380034713
600,612.7312104,7,0.12,30,0.82,0.23,87466.52561,145.7454759,31.94085677,8.512112812,26.23418565,36.43636896,0.477299784,0.038847245,0.022226925,0.012193084,0.004427236,12.28658004,31483.1032,44012.49931,7286.383338,8211.217291,1539.101773,3543.139699,6674.177426,667.8906307,1539.023572,1372.570512,85.3910087,593.4214203,1280.944853,120.6555704,7766.408559,1247.477016,485.3438359,23309.0263,29136.28287,19880.2602,20145,89.7476981,5584.411784,1049.563606,0.043774168,0.379993769
600,612.7312104,7,0.12,30,0.82,0.31,87591.56095,145.9530276,31.96359168,7.997140221,26.27154496,36.48825689,0.477299784,0.03879009,0.022235705,0.012127149,0.004427236,12.3046835,31427.56624,44128.79848,7404.728356,8211.217291,1541.293561,3548.619877,6661.801457,668.3450986,1541.186181,1372.570512,85.51261145,593.3408917,1280.944853,120.6555704,7766.408559,1247.477016,485.3438359,23317.76247,29147.20309,19887.92802,20145,89.88099883,5586.186933,1050.728906,0.04379357,0.379847262
600,641.2318448,7,0.12,25,0.8,0.27,87127.26829,145.1817373,31.87902384,8.230406456,26.13271271,36.29543432,0.501463086,0.04044678,0.02223879,0.012816383,0.005391606,12.39809654,30482.24409,43533.08728,7080.91577,8211.217291,1533.148579,3528.254801,6451.367544,638.2995469,1533.149633,1372.570512,85.06071917,591.9701746,1280.944853,120.6555704,7766.408559,1254.427085,485.3438359,23449.18101,29311.47627,20023.21351,20145,87.67827138,5506.067916,1031.676195,0.044167222,0.377280849
600,641.2318448,7,0.12,25,0.8,0.23,87085.39753,145.1122288,31.87139159,8.4963277,26.12020119,36.27805721,0.501463086,0.040485693,0.022233406,0.012860681,0.005391606,12.38618006,30528.1956,43486.37961,7027.402627,8211.217291,1532.414556,3526.419507,6461.586771,638.153453,1532.425381,1372.570512,85.01999478,592.0368043,1280.944853,120.6555704,7766.408559,1254.427085,485.3438359,23454.01792,29317.5224,20027.21181,20145,87.63384898,5506.310421,1031.324705,0.044166485,0.377205528
600,664.8523177,8,0.1,20,0.82,0.23,87431.55246,145.6855294,34.13918914,7.885933225,26.2233953,36.42138236,0.477299784,0.039279395,0.021575255,0.009859177,0.007844963,12.15140364,27864.01573,43802.80876,7897.754536,8211.217291,1538.468726,3541.556879,5870.797624,658.3319654,1538.398953,1372.570512,85.35588661,588.1737435,1280.944853,120.6555704,7766.408559,1247.477016,485.3438359,23483.7437,29354.67962,20027.67748,20145,88.19892233,5603.12068,1029.620461,0.043766024,0.377196757
600,641.2318448,7,0.12,25,0.8,0.31,87191.82102,145.2888918,31.89078617,7.981605867,26.15200052,36.32222294,0.501463086,0.04042751,0.022244767,0.012791136,0.005391606,12.40400635,30470.21881,43588.29902,7133.453797,8211.217291,1534.280152,3531.084097,6448.693389,638.5246944,1534.266141,1372.570512,85.12350005,591.9527379,1280.944853,120.6555704,7766.408559,1254.427085,485.3438359,23458.522,29323.1525,20031.25535,20145,87.74548609,5507.475726,1032.290844,0.044180885,0.377129384
600,612.7312104,7,0.15,30,0.76,0.27,86992.85896,144.9586056,31.85451678,8.225013265,26.09254901,36.23965141,0.555637768,0.042694795,0.022845391,0.016467063,0.003382341,13.01418037,31306.48667,43448.25446,6779.707786,8211.217291,1530.792264,3522.363257,6634.824865,666.1645763,1530.824686,1372.570512,84.92998827,593.1653263,1280.944853,120.6555704,7766.408559,1268.988281,485.3438359,23399.6045,29249.50562,20031.93529,20145,85.64517625,5316.560462,1019.887341,0.044957404,0.377116584
600,664.8523177,8,0.1,20,0.82,0.27,87515.20362,145.8243596,34.15545164,7.64069905,26.24838473,36.4560899,0.477299784,0.039243023,0.021577588,0.009820472,0.007844963,12.16266622,27831.39364,43879.58913,7974.834925,8211.217291,1539.934801,3545.222539,5863.585473,658.6317659,1539.845511,1372.570512,85.43722601,588.1264415,1280.944853,120.6555704,7766.408559,1247.477016,485.3438359,23490.6145,29363.26812,20033.66828,20145,88.28788404,5604.418948,1030.398388,0.043779723,0.377083962
600,612.7312104,7,0.15,30,0.76,0.31,87040.83838,145.0382374,31.86326508,7.975734224,26.10688273,36.25955934,0.555637768,0.042670174,0.022853209,0.016434624,0.003382341,13.02168966,31287.8644,43492.99917,6824.633138,8211.217291,1531.633191,3524.465845,6630.676427,666.3394761,1531.654419,1372.570512,84.97664382,593.1383241,1280.944853,120.6555704,7766.408559,1268.988281,485.3438359,23402.83921,29253.54902,20034.7817,20145,85.69479305,5317.183052,1020.33625,0.044965006,0.377063005
600,612.7312104,7,0.15,30,0.76,0.23,86971.55234,144.9225059,31.85055009,8.491592068,26.08605106,36.23062647,0.555637768,0.042744298,0.022837978,0.016523978,0.003382341,12.99910861,31361.69607,43413.45373,6734.338172,8211.217291,1530.411043,3521.410083,6647.124695,666.0852718,1530.448541,1372.570512,84.90883775,593.24538,1280.944853,120.6555704,7766.408559,1268.988281,485.3438359,23413.09861,29266.37326,20043.33267,20145,85.62063591,5317.796048,1019.726012,0.044965026,0.376902141
600,664.8523177,8,0.1,20,0.82,0.31,87617.73957,145.9945295,34.1753747,7.411126666,26.2790153,36.49863237,0.477299784,0.039224091,0.021580716,0.009798411,0.007844963,12.16853662,27829.95614,43962.79531,8049.830734,8211.217291,1541.731829,3549.715689,5863.267679,658.9990405,1541.618615,1372.570512,85.53692705,588.1243571,1280.944853,120.6555704,7766.408559,1247.477016,485.3438359,23509.94425,29387.43032,20050.22199,20145,88.39650088,5607.192808,1031.408811,0.043804694,0.376772636
600,664.8523177,9,0.15,20,0.76,0.27,86255.44868,143.7316234,35.96643728,7.103053637,25.87169221,35.93290585,0.555637768,0.043443757,0.02230043,0.011856134,0.009287193,12.78981864,25893.97788,42619.56134,7190.489593,8211.217291,1517.835082,3489.966176,5436.241638,691.978842,1518.040003,1372.570512,84.21111004,585.3171886,1280.944853,120.6555704,7766.408559,1268.988281,485.3438359,23490.88734,29363.60918,20107.83346,20145,82.66881795,5321.273779,983.8842946,0.044735402,0.375693135
600,664.8523177,9,0.15,20,0.76,0.23,86208.96716,143.6555512,35.95691812,7.332355917,25.85799921,35.91388779,0.555637768,0.043488871,0.022293091,0.011908587,0.009287193,12.7765507,25937.91832,42568.13259,7133.151012,8211.217291,1517.031744,3487.957576,5445.911994,691.8037547,1517.247359,1372.570512,84.16653998,585.3809022,1280.944853,120.6555704,7766.408559,1268.988281,485.3438359,23495.83456,29369.79321,20111.93958,20145,82.62060843,5321.489494,983.49114,0.044734143,0.375616433
600,664.8523177,9,0.15,20,0.76,0.31,86325.24745,143.8475225,35.98093526,6.888585179,25.89255405,35.96188062,0.555637768,0.043421296,0.022307866,0.011826237,0.009287193,12.79643433,25881.98963,42679.08395,7246.841477,8211.217291,1519.059,3493.026359,5433.603458,692.2455014,1519.247627,1372.570512,84.2790143,585.2998056,1280.944853,120.6555704,7766.408559,1268.988281,485.3438359,23501.1635,29376.45438,20116.69403,20145,82.73913694,5322.744288,984.5352362,0.044750454,0.375527658
600,664.8523177,8,0.12,20,0.8,0.23,87681.95844,146.1029841,34.18806623,7.895682825,26.29853714,36.52574602,0.501463086,0.041890976,0.021847763,0.010882687,0.009160526,11.9706708,27966.51987,43341.28732,7385.5429,8211.217291,1542.877132,3552.579316,5893.462939,659.2329997,1542.748671,1372.570512,85.60046967,588.3223745,1280.944853,120.6555704,7766.408559,1254.427085,485.3438359,24195.67112,30244.5889,20656.03865,20145,86.54002193,5588.865402,1017.241304,0.044629061,0.36572235
600,664.8523177,8,0.12,20,0.8,0.27,87741.10202,146.2010935,34.19954309,7.649217191,26.31619682,36.55027337,0.501463086,0.041853172,0.021852683,0.010839963,0.009160526,11.98148338,27926.34021,43399.77264,7448.053654,8211.217291,1543.913187,3555.169789,5884.577935,659.4445639,1543.770933,1372.570512,85.65795111,588.264114,1280.944853,120.6555704,7766.408559,1254.427085,485.3438359,24196.32938,30245.41173,20656.70962,20145,86.60123168,5589.314527,1017.754453,0.044635562,0.365710471
600,664.8523177,8,0.12,20,0.8,0.31,87821.24076,146.3340877,34.21509465,7.418566123,26.34013579,36.58352193,0.501463086,0.041834293,0.021858154,0.010815612,0.009160526,11.98689051,27918.08445,43465.69454,7509.146677,8211.217291,1545.317633,3558.681359,5882.752425,659.7312359,1545.156682,1372.570512,85.73587128,588.2521431,1280.944853,120.6555704,7766.408559,1254.427085,485.3438359,24210.54622,30263.18278,20668.90141,20145,86.68355072,5591.338052,1018.514565,0.044654367,0.365494752
600,641.2318448,7,0.15,25,0.76,0.27,87648.56163,146.0489291,31.97409113,8.25132961,26.28880723,36.51223226,0.555637768,0.044537368,0.022741911,0.015735157,0.0060603,12.4757656,30705.81967,43206.90513,6646.698948,8211.217291,1542.3063,3551.152052,6501.09836,640.1191642,1542.185438,1372.570512,85.5687993,592.2943592,1280.944853,120.6555704,7766.408559,1268.988281,485.3438359,24296.6565,30370.82063,20794.55118,20145,85.13469329,5411.493769,1014.215777,0.04559072,0.363286273
600,641.2318448,7,0.15,25,0.76,0.31,87692.46253,146.1217728,31.98206387,8.001081879,26.3019191,36.53044319,0.555637768,0.044515078,0.022750618,0.015704159,0.0060603,12.48201274,30686.77346,43247.36944,6687.781454,8211.217291,1543.075544,3553.075411,6496.860904,640.2717542,1542.944442,1372.570512,85.6114778,592.2667422,1280.944853,120.6555704,7766.408559,1268.988281,485.3438359,24300.09309,30375.11636,20797.54933,20145,85.178813,5412.109813,1014.611088,0.045597896,0.363233902
600,641.2318448,7,0.15,25,0.76,0.23,87630.40395,146.0180856,31.97071472,8.518898204,26.28325542,36.50452141,0.555637768,0.044583308,0.022733465,0.015789542,0.0060603,12.46291037,30759.86173,43176.0024,6605.23765,8211.217291,1541.980587,3550.337665,6513.122733,640.0545428,1541.864062,1372.570512,85.55072841,592.3727202,1280.944853,120.6555704,7766.408559,1268.988281,485.3438359,24309.40155,30386.75194,20805.3424,20145,85.11470515,5412.675783,1014.097629,0.045598269,0.363097846
600,641.2318448,8,0.12,25,0.82,0.23,88416.72977,147.3236785,34.33059027,7.92411576,26.51826213,36.83091963,0.477299784,0.040821959,0.021785295,0.01022235,0.008814314,11.69223125,28748.9117,43862.73184,7655.156976,8211.217291,1555.767913,3584.810456,6066.636696,685.1490139,1555.467838,1372.570512,86.31566394,589.4568426,1280.944853,120.6555704,7766.408559,1247.477016,485.3438359,24408.99793,30511.24741,20811.56676,20145,88.59470736,5710.000446,1034.696296,0.044504761,0.362989249
600,641.2318448,8,0.12,25,0.82,0.27,88485.89491,147.4384225,34.34395696,7.677120172,26.53891604,36.85960562,0.477299784,0.040785496,0.021788963,0.010182219,0.008814314,11.70268443,28709.48594,43928.45411,7723.910943,8211.217291,1556.979632,3587.84015,6057.902911,685.4040384,1556.663426,1372.570512,86.38289142,589.3996753,1280.944853,120.6555704,7766.408559,1247.477016,485.3438359,24412.4408,30515.551,20814.61234,20145,88.66688041,5710.827308,1035.308434,0.044514256,0.362936137
600,641.2318448,8,0.12,25,0.82,0.31,88575.98805,147.5878876,34.36136058,7.445964587,26.56581976,36.89697189,0.477299784,0.040767053,0.021793393,0.010159346,0.008814314,11.70797862,28703.24683,44001.68276,7791.028851,8211.217291,1558.558014,3591.786621,6056.520866,685.7360772,1558.220795,1372.570512,86.47046173,589.3906286,1280.944853,120.6555704,7766.408559,1247.477016,485.3438359,24429.30529,30536.63162,20829.04737,20145,88.7606903,5713.248394,1036.17387,0.044535942,0.362684614
600,664.8523177,7,0.1,20,0.82,0.23,88543.78598,147.5352646,32.13637896,8.556552171,26.55634763,36.88381616,0.477299784,0.040871978,0.021789808,0.011237207,0.007844963,11.67792227,30352.65892,43933.36764,7421.188039,8211.217291,1558.002305,3590.397166,6422.554347,621.3609507,1557.672484,1372.570512,86.4396304,591.7822761,1280.944853,120.6555704,7766.408559,1247.477016,485.3438359,24465.41833,30581.77292,20859.52143,20145,89.25210941,5716.958808,1043.272944,0.044607268,0.362154761
600,664.8523177,7,0.1,20,0.82,0.27,88604.25446,147.6355851,32.14730309,8.28945955,26.57440532,36.90889628,0.477299784,0.040837255,0.02179379,0.011198502,0.007844963,11.68785175,30313.67266,43992.04051,7483.570171,8211.217291,1559.06171,3593.046025,6413.887348,621.562875,1558.717785,1372.570512,86.49840731,591.725746,1280.944853,120.6555704,7766.408559,1247.477016,485.3438359,24467.21395,30584.01744,20861.15671,20145,89.31545859,5717.549603,1043.806315,0.044614686,0.362126372
600,664.8523177,7,0.1,20,0.82,0.31,88685.3167,147.7700645,32.16194104,8.039470668,26.59861161,36.94251612,0.477299784,0.040819877,0.021798473,0.011176441,0.007844963,11.69282746,30307.22536,44058.25091,7544.501645,8211.217291,1560.481839,3596.596813,6412.454127,621.8334417,1560.119009,1372.570512,86.5771976,591.7163975,1280.944853,120.6555704,7766.408559,1247.477016,485.3438359,24482.06578,30602.58223,20873.87207,20145,89.40001755,5719.692766,1044.586304,0.044633974,0.361905782
600,664.8523177,8,0.15,20,0.76,0.27,87332.84764,145.5235623,34.1202066,7.633890309,26.19424121,36.38089057,0.555637768,0.045031557,0.022435733,0.013308631,0.009287193,12.33885306,27850.54172,42787.18777,6871.740195,8211.217291,1536.75832,3537.280314,5867.8187,657.9820127,1536.711318,1372.570512,85.26099147,588.1542062,1280.944853,120.6555704,7766.408559,1268.988281,485.3438359,24400.65987,30500.82484,20882.34253,20145,83.59828919,5420.121574,995.5940472,0.045519813,0.361758983
600,664.8523177,8,0.15,20,0.76,0.31,87388.20456,145.615439,34.13097585,7.402811301,26.21077903,36.40385976,0.555637768,0.045010115,0.022444187,0.013278735,0.009287193,12.34473109,27835.03042,42835.4379,6918.836221,8211.217291,1537.728558,3539.706219,5864.389472,658.1805503,1537.668639,1372.570512,85.31482127,588.1317148,1280.944853,120.6555704,7766.408559,1268.988281,485.3438359,24407.76666,30509.70832,20888.47578,20145,83.65328808,5421.179729,996.0954842,0.045530878,0.361652764
600,664.8523177,8,0.15,20,0.76,0.23,87302.33824,145.4742565,34.11442586,7.880993878,26.18536617,36.36856412,0.555637768,0.045075575,0.022427297,0.013361084,0.009287193,12.32680385,27899.28768,42747.92954,6824.105525,8211.217291,1536.237641,3535.978448,5878.59622,657.8754402,1536.19757,1372.570512,85.23210362,588.2248878,1280.944853,120.6555704,7766.408559,1268.988281,485.3438359,24409.4087,30511.76087,20889.72529,20145,83.56656574,5420.823721,995.3619797,0.045523148,0.361631132
600,612.7312104,8,0.15,30,0.8,0.27,89182.91516,148.5973884,34.47867612,7.703154487,26.74752991,37.1493471,0.501463086,0.043053538,0.022279368,0.011762049,0.00901212,11.64743047,29709.88461,43943.66074,7420.139394,8211.217291,1569.218547,3618.441456,6279.753478,718.5357731,1568.739406,1372.570512,87.0619195,590.8502534,1280.944853,120.6555704,7766.408559,1254.427085,485.3438359,25094.25442,31367.81803,21419.98528,20145,87.93876726,5693.918933,1032.998409,0.045445224,0.352678814
600,612.7312104,8,0.15,30,0.8,0.23,89133.35521,148.5152339,34.46914376,7.951761405,26.73274211,37.12880848,0.501463086,0.043094205,0.022273678,0.011808407,0.00901212,11.63643897,29758.32549,43891.06295,7360.847391,8211.217291,1568.350979,3616.27225,6290.508289,718.3458583,1567.883388,1372.570512,87.01378591,590.9204926,1280.944853,120.6555704,7766.408559,1254.427085,485.3438359,25097.29226,31371.61532,21422.47712,20145,87.88785682,5693.927281,1032.591352,0.045442531,0.352637791
600,612.7312104,8,0.15,30,0.8,0.31,89256.87693,148.7200495,34.49290356,7.470609389,26.76960891,37.18001237,0.501463086,0.043033414,0.022285667,0.011735627,0.00901212,11.65287715,29697.4064,44005.28979,7478.389285,8211.217291,1570.513873,3621.680199,6276.983259,718.8192244,1570.017488,1372.570512,87.13378557,590.83216,1280.944853,120.6555704,7766.408559,1254.427085,485.3438359,25106.58714,31383.23393,21430.56259,20145,88.01395187,5695.699422,1033.686542,0.045461902,0.352504745
600,664.8523177,7,0.12,20,0.8,0.27,89101.83695,148.4633953,32.23730397,8.309275927,26.72341115,37.11584882,0.501463086,0.043568049,0.022046472,0.012361051,0.009160526,11.50988148,30503.5292,43671.63177,7072.349099,8211.217291,1567.803553,3614.903504,6456.101046,623.2263583,1567.34325,1372.570512,86.9834141,592.001038,1280.944853,120.6555704,7766.408559,1254.427085,485.3438359,25285.20518,31606.50648,21581.73641,20145,87.86482089,5713.708515,1033.460952,0.045582042,0.350035551
600,664.8523177,7,0.12,20,0.8,0.23,89061.7763,148.3969885,32.23009338,8.577856922,26.71145792,37.09924712,0.501463086,0.043604554,0.022040253,0.012403774,0.009160526,11.5002458,30549.50026,43627.75991,7021.505309,8211.217291,1567.102283,3613.150099,6466.32509,623.0930928,1566.651316,1372.570512,86.94450692,592.067696,1280.944853,120.6555704,7766.408559,1254.427085,485.3438359,25289.0164,31611.2705,21584.90535,20145,87.82410154,5713.860022,1033.144326,0.045580927,0.349984161
600,664.8523177,7,0.12,20,0.8,0.31,89164.57216,148.5674462,32.24859878,8.057968721,26.74214031,37.14186154,0.501463086,0.043550394,0.022053167,0.0123367,0.009160526,11.51454774,30490.95073,43723.96901,7122.301839,8211.217291,1568.902351,3617.650862,6453.303748,623.4351055,1568.42742,1372.570512,87.0443766,591.9827992,1280.944853,120.6555704,7766.408559,1254.427085,485.3438359,25295.60315,31619.50394,21590.65226,20145,87.92808944,5715.211852,1034.037691,0.045596095,0.349891004
600,641.2318448,7,0.12,25,0.82,0.27,89810.7396,149.6626102,32.36724071,8.337890221,26.93926983,37.41565255,0.477299784,0.042424478,0.021999153,0.011611011,0.008814314,11.2505753,31385.77735,44178.23307,7306.29087,8211.217291,1580.467505,3646.567577,6652.490091,647.6416493,1579.838608,1372.570512,87.68602369,593.2802978,1280.944853,120.6555704,7766.408559,1247.477016,485.3438359,25487.50653,31859.38316,21726.66543,20145,89.93136307,5836.271079,1051.138931,0.045446452,0.347700618
600,641.2318448,7,0.12,25,0.82,0.23,89762.4093,149.5822922,32.35855444,8.607065866,26.92481259,37.39557304,0.477299784,0.042459523,0.021994067,0.011651142,0.008814314,11.2412894,31431.39952,44128.55505,7250.400162,8211.217291,1579.619331,3644.446859,6662.655626,647.4754906,1579.001725,1372.570512,87.63896607,593.34645,1280.944853,120.6555704,7766.408559,1247.477016,485.3438359,25488.85424,31861.0678,21727.72935,20145,89.88200191,5836.104692,1050.743834,0.045442747,0.347683593
600,641.2318448,7,0.12,25,0.82,0.31,89881.81494,149.7807325,32.38001123,8.086024865,26.96053185,37.44518312,0.477299784,0.04240736,0.022004909,0.011588138,0.008814314,11.25511666,31374.91357,44236.54266,7361.126164,8211.217291,1581.714901,3649.686481,6650.069567,647.8859315,1581.069397,1372.570512,87.75523052,593.2645453,1280.944853,120.6555704,7766.408559,1247.477016,485.3438359,25500.27228,31875.34035,21737.58921,20145,90.00400845,5838.119328,1051.801979,0.045463022,0.347525888
600,664.8523177,7,0.15,20,0.76,0.27,89057.14959,148.389964,32.22933055,8.307520231,26.71019352,37.09749099,0.555637768,0.047060076,0.022596755,0.015176127,0.009287193,11.80698826,30538.08797,43235.51309,6617.603111,8211.217291,1567.028103,3612.964624,6463.786883,623.0789942,1566.578123,1372.570512,86.94039133,592.0511482,1280.944853,120.6555704,7766.408559,1268.988281,485.3438359,25676.6365,32095.79563,21969.98565,20145,85.11225662,5560.125921,1013.77579,0.046642151,0.343849792
600,664.8523177,7,0.15,20,0.76,0.31,89099.10637,148.459538,32.23688518,8.05546818,26.72271685,37.11488451,0.555637768,0.047039527,0.022606102,0.015146231,0.009287193,11.81214627,30518.82786,43273.44571,6656.370094,8211.217291,1567.76282,3614.801657,6459.503382,623.2186184,1567.303058,1372.570512,86.98115417,592.0232211,1280.944853,120.6555704,7766.408559,1268.988281,485.3438359,25680.66066,32100.82582,21973.46587,20145,85.1531105,5560.78682,1014.139482,0.04664942,0.343795332
600,664.8523177,7,0.15,20,0.76,0.23,89042.02612,148.3666135,32.22679467,8.57710695,26.70599043,37.09165338,0.555637768,0.047103111,0.022587337,0.015228581,0.009287193,11.79620104,30592.43902,43207.65963,6578.749057,8211.217291,1566.781518,3612.348079,6475.875659,623.0321258,1566.33482,1372.570512,86.92671049,592.1299573,1280.944853,120.6555704,7766.408559,1268.988281,485.3438359,25689.36648,32111.7081,21980.80091,20145,85.09623732,5561.329106,1013.696309,0.046650124,0.343680607
600,612.7312104,7,0.15,30,0.8,0.27,90860.70387,151.4095972,32.55560137,8.379380477,27.2537275,37.8523993,0.501463086,0.044903213,0.022478567,0.013412526,0.00901212,11.16764372,32643.62222,44366.64981,7088.970038,8211.217291,1598.916042,3692.6951,6933.118514,680.1743165,1598.041542,1372.570512,88.70956822,595.1041729,1280.944853,120.6555704,7766.408559,1254.427085,485.3438359,26349.05406,32936.31758,22486.90924,20145,89.49954127,5838.000615,1051.837799,0.046545875,0.335945457
600,612.7312104,7,0.15,30,0.8,0.23,90829.56119,151.3578844,32.55004133,8.650615942,27.24441918,37.83947109,0.501463086,0.044942689,0.022471686,0.013458883,0.00901212,11.15783441,32698.36441,44327.96278,7040.565619,8211.217291,1598.369944,3691.32967,6945.348241,680.0632631,1597.502715,1372.570512,88.67927011,595.1835491,1280.944853,120.6555704,7766.408559,1254.427085,485.3438359,26356.59841,32945.74801,22493.27385,20145,89.46837562,5838.608909,1051.618473,0.046548503,0.335850399
600,612.7312104,7,0.15,30,0.8,0.31,90918.21307,151.5051373,32.56587111,8.125714904,27.27092471,37.87628432,0.501463086,0.044884197,0.022485973,0.013386104,0.00901212,11.172375,32626.72573,44415.51087,7136.841947,8211.217291,1599.924965,3695.217747,6929.344016,680.3794369,1599.037034,1372.570512,88.76554432,595.079673,1280.944853,120.6555704,7766.408559,1254.427085,485.3438359,26357.70219,32947.12774,22494.32557,20145,89.55674574,5839.281544,1052.353452,0.046558012,0.335834696
600,664.8523177,8,0.12,20,0.82,0.23,92005.62895,153.3122845,35.02139741,8.06199876,27.59621122,38.32807114,0.477299784,0.045603661,0.021493912,0.009859177,0.014250572,10.46626027,29288.57454,44368.09183,7763.398859,8211.217291,1619.008807,3742.933838,6186.262827,674.5865538,1617.866814,1372.570512,89.82433621,590.2393538,1280.944853,120.6555704,7766.408559,1247.477016,485.3438359,27492.53712,34365.6714,23429.67257,20145,89.44841659,6068.661827,1043.494381,0.046929435,0.322427681
600,664.8523177,8,0.12,20,0.82,0.27,92075.42905,153.4281718,35.03463107,7.810636811,27.61707092,38.35704295,0.477299784,0.045569491,0.021498447,0.009820472,0.014250572,10.47410834,29248.76335,44431.84622,7830.237975,8211.217291,1620.232599,3745.993739,6177.433038,674.8302443,1619.074315,1372.570512,89.89223355,590.1816275,1280.944853,120.6555704,7766.408559,1247.477016,485.3438359,27498.58283,34373.22854,23434.86951,20145,89.51781216,6069.763241,1044.080778,0.046940572,0.322356179
600,664.8523177,8,0.12,20,0.82,0.31,92166.79511,153.5799061,35.05195071,7.57539133,27.64438309,38.39497652,0.477299784,0.0455526,0.021503617,0.009798411,0.014250572,10.47799211,29242.29828,44503.30972,7895.547091,8211.217291,1621.834944,3750.00015,6175.999212,675.1491696,1620.655328,1372.570512,89.98113334,590.1722532,1280.944853,120.6555704,7766.408559,1247.477016,485.3438359,27518.48539,34398.10674,23451.85315,20145,89.60905827,6072.512152,1044.922282,0.046964264,0.322122732
600,641.2318448,8,0.15,25,0.8,0.27,92617.15328,154.3297442,35.1374153,7.830515684,27.77935396,38.58243605,0.501463086,0.04793595,0.021994643,0.011239265,0.014702041,10.46110668,30046.6322,44330.7161,7474.939604,8211.217291,1629.753387,3769.798981,6354.541518,700.5347483,1628.468353,1372.570512,90.42045699,591.3385374,1280.944853,120.6555704,7766.408559,1254.427085,485.3438359,28141.43718,35176.79648,24012.24413,20145,88.5562347,6039.992265,1039.296548,0.04782575,0.314605122
600,641.2318448,8,0.15,25,0.8,0.23,92568.80038,154.2495286,35.12828247,8.083342736,27.76491515,38.56238216,0.501463086,0.047973495,0.021987891,0.011283562,0.014702041,10.4529196,30095.26271,44281.24778,7418.617915,8211.217291,1628.906294,3767.680957,6365.346376,700.3606777,1627.632538,1372.570512,90.37345938,591.4090516,1280.944853,120.6555704,7766.408559,1254.427085,485.3438359,28142.55259,35178.19074,24013.1631,20145,88.50946025,6039.814405,1038.92811,0.04782206,0.314593082
600,641.2318448,8,0.15,25,0.8,0.31,92690.32348,154.4512373,35.1512432,7.594008852,27.80122271,38.61280933,0.501463086,0.047917903,0.022001844,0.011214017,0.014702041,10.46504662,30033.6788,44389.31075,7530.339303,8211.217291,1631.036379,3773.006903,6351.663691,700.7983028,1629.734265,1372.570512,90.49163874,591.3197549,1280.944853,120.6555704,7766.408559,1254.427085,485.3438359,28156.01273,35195.01591,24024.69694,20145,88.62723815,6041.997598,1039.944918,0.047843678,0.314442052
600,612.7312104,8,0.15,30,0.82,0.23,93220.1322,155.3319818,35.25132415,8.107916276,27.95975672,38.83299544,0.477299784,0.046408421,0.021943675,0.010697834,0.013766912,10.28476678,31069.55319,44869.97838,7710.690085,8211.217291,1640.337219,3796.262226,6582.05595,733.9217435,1638.911284,1372.570512,91.00765928,592.8217728,1280.944853,120.6555704,7766.408559,1247.477016,485.3438359,28205.15381,35256.44227,24036.02826,20145,90.72725378,6154.062254,1058.112895,0.047589409,0.314293814
600,612.7312104,8,0.15,30,0.82,0.27,93279.22049,155.4300408,35.26244924,7.854700891,27.97740735,38.85751021,0.477299784,0.046371732,0.021948984,0.010655836,0.013766912,10.29290394,31021.20598,44927.20924,7773.830182,8211.217291,1641.372742,3798.851395,6571.291505,734.1431717,1639.933022,1372.570512,91.06511122,592.7516693,1280.944853,120.6555704,7766.408559,1247.477016,485.3438359,28207.01125,35258.76406,24037.64916,20145,90.78529699,6154.636285,1058.583939,0.047596304,0.314272621
600,612.7312104,8,0.15,30,0.82,0.31,93363.33602,155.5696751,35.27828512,7.617832522,28.00254152,38.89241877,0.477299784,0.046353797,0.021954987,0.010631899,0.013766912,10.2968864,31010.30526,44993.78872,7835.838924,8211.217291,1642.847308,3802.538324,6568.864626,734.4583555,1641.387957,1372.570512,91.14692172,592.7358633,1280.944853,120.6555704,7766.408559,1247.477016,485.3438359,28224.54729,35280.68412,24052.61193,20145,90.8684943,6157.07841,1059.345032,0.047617441,0.314077117
600,664.8523177,7,0.12,20,0.82,0.23,93389.52211,155.6141752,33.00453342,8.754030915,28.01055153,38.90354379,0.477299784,0.047181071,0.021693292,0.011237207,0.014250572,10.11634061,31977.53651,44652.71558,7372.731256,8211.217291,1643.317238,3803.713312,6784.421562,637.3987996,1641.851631,1372.570512,91.17299393,594.1383486,1280.944853,120.6555704,7766.408559,1247.477016,485.3438359,28591.80653,35739.75816,24364.83224,20145,90.7561631,6197.333167,1059.699743,0.047885402,0.310052412
600,664.8523177,7,0.12,20,0.82,0.27,93438.07468,155.6947422,33.01307613,8.480196618,28.0250536,38.92368555,0.477299784,0.047148233,0.021699159,0.011198502,0.014250572,10.12338643,31931.47778,44700.69472,7427.029221,8211.217291,1644.168042,3805.840619,6774.146999,637.5565203,1642.691109,1372.570512,91.22019746,594.0715634,1280.944853,120.6555704,7766.408559,1247.477016,485.3438359,28592.37997,35740.47496,24365.34606,20145,90.80308903,6197.699624,1060.072479,0.047890279,0.310045873
600,664.8523177,7,0.12,20,0.82,0.31,93509.99498,155.8141306,33.02573109,8.223963919,28.04654351,38.95353265,0.477299784,0.047132595,0.021705581,0.011176441,0.014250572,10.12674533,31920.29284,44757.47287,7480.357841,8211.217291,1645.428808,3808.992973,6771.652065,637.7901606,1643.93509,1372.570512,91.29014608,594.0553453,1280.944853,120.6555704,7766.408559,1247.477016,485.3438359,28607.5221,35759.40263,24378.26173,20145,90.87348213,6199.803144,1060.714413,0.047908395,0.30988161
600,641.2318448,7,0.15,25,0.8,0.27,94323.49031,157.1671823,33.16881482,8.514532681,28.29009282,39.29179558,0.501463086,0.04970044,0.022182015,0.012816383,0.014702041,10.08971121,32951.1161,44769.76191,7163.939836,8211.217291,1659.717309,3844.719236,7001.832231,662.9664911,1658.03337,1372.570512,92.08288735,595.550039,1280.944853,120.6555704,7766.408559,1254.427085,485.3438359,29408.7284,36760.9105,25092.50124,20145,90.12379732,6185.793149,1058.13027,0.048937977,0.301061059
600,641.2318448,7,0.15,25,0.8,0.23,94293.51569,157.1175161,33.16357359,8.790234802,28.28115291,39.27937903,0.501463086,0.049736899,0.022174177,0.012860681,0.014702041,10.08231503,33005.93447,44733.67525,7118.001874,8211.217291,1659.192824,3843.407838,7014.086679,662.8663403,1657.515867,1372.570512,92.05378836,595.6295257,1280.944853,120.6555704,7766.408559,1254.427085,485.3438359,29414.84044,36768.55055,25097.70478,20145,90.09605204,6186.265168,1057.942587,0.048939898,0.30099864
600,641.2318448,7,0.15,25,0.8,0.31,94380.19195,157.2612698,33.17874152,8.256668933,28.30702856,39.31531745,0.501463086,0.049683411,0.022190234,0.012791136,0.014702041,10.09316945,32933.76666,44816.06128,7209.439434,8211.217291,1660.710891,3847.203543,6997.954111,663.156171,1659.013725,1372.570512,92.13801238,595.5248823,1280.944853,120.6555704,7766.408559,1254.427085,485.3438359,29419.13066,36773.91333,25101.38229,20145,90.17746132,6187.24866,1058.612241,0.048951066,0.300954542
600,612.7312104,7,0.15,30,0.82,0.23,94914.49081,158.1492343,33.27228036,8.814985437,28.46686218,39.53730858,0.477299784,0.048110976,0.022150981,0.012193084,0.013766912,9.920808491,34111.5704,45303.82275,7364.938142,8211.217291,1670.087977,3870.649575,7261.537707,694.4819657,1668.265974,1372.570512,92.65826307,597.2326978,1280.944853,120.6555704,7766.408559,1247.477016,485.3438359,29465.66806,36832.08508,25108.93202,20145,92.33484073,6302.297539,1077.411325,0.048694877,0.300864051
600,612.7312104,7,0.15,30,0.82,0.27,94966.45857,158.2552354,33.28342902,8.539806713,28.48594236,39.56380884,0.477299784,0.048073786,0.022155788,0.012151086,0.013766912,9.928483327,34065.02172,45352.32708,7418.63172,8211.217291,1671.207369,3873.448454,7251.108635,694.7044277,1669.370464,1372.570512,92.72036816,597.1652022,1280.944853,120.6555704,7766.408559,1247.477016,485.3438359,29469.13149,36836.41436,25111.90027,20145,92.38229596,6302.998613,1077.79353,0.048702025,0.300828488
600,612.7312104,7,0.15,30,0.82,0.31,95032.32447,158.3647202,33.29494017,8.281510333,28.50564963,39.59118004,0.477299784,0.048056989,0.022162928,0.012127149,0.013766912,9.931953598,34049.34141,45405.1676,7469.526202,8211.217291,1672.363551,3876.33932,7247.595734,694.9341195,1670.511254,1372.570512,92.78451436,597.1424657,1280.944853,120.6555704,7766.408559,1247.477016,485.3438359,29482.15687,36852.69609,25123.00755,20145,92.44588106,6304.830309,1078.367701,0.0487179,0.300695487
600,664.8523177,8,0.15,20,0.8,0.23,97168.89654,161.9185745,35.99095159,8.255703323,29.14534342,40.47964363,0.501463086,0.053656449,0.021653754,0.010882687,0.021120009,9.345811999,30918.67013,45023.79186,7616.89582,8211.217291,1709.892974,3970.176401,6548.465693,692.4297276,1707.541052,1372.570512,94.86668677,592.6029924,1280.944853,120.6555704,7766.408559,1254.427085,485.3438359,32000.10468,40000.13085,27304.73943,20145,89.75220455,6480.319955,1051.805606,0.050884992,0.276669002
600,664.8523177,7,0.15,20,0.8,0.27,99007.17052,164.9761677,33.98283646,8.694120748,29.69571018,41.24404192,0.501463086,0.055319513,0.021838454,0.012361051,0.021120009,9.064849899,33816.95505,45540.99489,7373.122915,8211.217291,1742.181777,4050.910329,7195.546476,655.4492697,1739.399999,1372.570512,96.65810404,596.8055055,1280.944853,120.6555704,7766.408559,1254.427085,485.3438359,33321.17563,41651.46954,28433.93895,20145,91.40981766,6632.883902,1071.389195,0.052047974,0.265681621
600,664.8523177,7,0.15,20,0.8,0.23,98976.285,164.9249771,33.97756377,8.97565466,29.68649588,41.23124427,0.501463086,0.055353746,0.021829963,0.012403774,0.021120009,9.059243865,33872.41051,45505.77444,7327.956337,8211.217291,1741.641194,4049.55867,7207.965041,655.3520463,1738.866613,1372.570512,96.62811193,596.8859159,1280.944853,120.6555704,7766.408559,1254.427085,485.3438359,33325.51056,41656.8882,28437.68677,20145,91.38347259,6633.170755,1071.213366,0.052048724,0.265646607
600,664.8523177,7,0.15,20,0.8,0.31,99065.94749,165.0737593,33.99288624,8.430802048,29.71327667,41.26843982,0.501463086,0.055303922,0.021847214,0.0123367,0.021120009,9.067405416,33799.503,45586.751,7417.945426,8211.217291,1743.212364,4053.487181,7191.63859,655.6345764,1740.416866,1372.570512,96.71528212,596.7802,1280.944853,120.6555704,7766.408559,1254.427085,485.3438359,33334.1965,41667.74562,28445.02797,20145,91.46259386,6634.62332,1071.863529,0.05206293,0.265578048
600,641.2318448,7,0.15,25,0.82,0.27,100975.3835,168.2674236,34.32013935,8.768591883,30.28813624,42.06685589,0.477299784,0.054994103,0.02172051,0.011611011,0.021662582,8.679108483,35192.97675,46342.78851,7683.942072,8211.217291,1776.938107,4137.814274,7504.09321,684.9496167,1773.693623,1372.570512,98.5864223,598.800737,1280.944853,120.6555704,7766.408559,1247.477016,485.3438359,34487.59495,43109.49368,29393.33054,20145,94.05460368,6889.402216,1094.919601,0.052684405,0.257009834
600,641.2318448,7,0.15,25,0.82,0.23,100935.1363,168.2005616,34.31332003,9.052194459,30.27610109,42.0501404,0.477299784,0.055026824,0.0217131,0.011651142,0.021662582,8.673947532,35248.91223,46301.6586,7633.50844,8211.217291,1776.232031,4136.048815,7516.653321,684.8195067,1772.996947,1372.570512,98.54724846,598.8818434,1280.944853,120.6555704,7766.408559,1247.477016,485.3438359,34488.47766,43110.59707,29394.14304,20145,94.02013607,6889.263666,1094.668157,0.052681831,0.25700273
600,641.2318448,7,0.15,25,0.82,0.31,101044.2466,168.3818923,34.33181099,8.503347396,30.30874061,42.09547307,0.477299784,0.054979101,0.021728381,0.011588138,0.021662582,8.681476759,35177.14353,46394.8864,7733.904186,8211.217291,1778.146919,4140.836768,7500.538165,685.1723044,1774.886343,1372.570512,98.65348852,598.7777788,1280.944853,120.6555704,7766.408559,1247.477016,485.3438359,34504.36019,43130.45023,29407.59183,20145,94.11691979,6891.649036,1095.482872,0.052702947,0.256885196
600,664.8523177,7,0.15,20,0.82,0.23,108684.9658,181.1094131,35.60570027,9.347097448,32.59969436,45.27735328,0.477299784,0.062816012,0.021238403,0.011237207,0.030340402,7.598377659,37075.74914,47755.55806,8066.421446,8211.217291,1912.55212,4476.903399,7927.605797,685.342326,1895.121335,1372.570512,106.1104325,601.5307569,1280.944853,120.6555704,7766.408559,1247.477016,485.3438359,40784.40772,50980.50964,34786.06601,20145,96.52540274,7627.863437,1120.370779,0.057725067,0.217166695
600,664.8523177,7,0.15,20,0.82,0.27,108729.5061,181.1833674,35.61296915,9.054308283,32.61300612,45.29584184,0.477299784,0.0627853,0.021246396,0.011198502,0.030340402,7.602094536,37018.32982,47797.49307,8117.702687,8211.217291,1913.333091,4478.856154,7914.667442,685.4760814,1895.885914,1372.570512,106.1537616,601.4474989,1280.944853,120.6555704,7766.408559,1247.477016,485.3438359,40787.01307,50983.76634,34788.15465,20145,96.56003157,7628.394149,1120.628015,0.057730266,0.217153657
600,664.8523177,7,0.15,20,0.82,0.31,108805.2102,181.3091691,35.62533065,8.78049131,32.63565044,45.32729228,0.477299784,0.062771582,0.021254739,0.011176441,0.030340402,7.603755831,37002.79281,47851.15727,8168.638295,8211.217291,1914.661584,4482.177937,7911.16671,685.703544,1897.186315,1372.570512,106.2274678,601.4249702,1280.944853,120.6555704,7766.408559,1247.477016,485.3438359,40809.05296,51011.3162,34806.89335,20145,96.62408494,7631.246511,1121.210025,0.057752928,0.21703675
